video_id,text,votes,replies,time,author,cid,sentiment_label,sentiment_score,lexical_density,flesch_reading_ease,word_count
DLeDXDwLJFE,That was not 10 roaches,0,,13 hours ago,@DuckScoo,UgxJiHDcYzs27kC8J4R4AaABAg,NEGATIVE,0.6463889479637146,1.0,100.24,5
DLeDXDwLJFE,CLANKER,0,,1 day ago,@KaydenRandolph-b9f,Ugz82lVdm7E8_-rKjep4AaABAg,POSITIVE,0.9023071527481079,1.0,121.22,1
DLeDXDwLJFE,"""Lemme see your feet"" üíÄüíÄüíÄ",0,1.0,2 days ago,@julieann6708,UgwocidbOIINc3VI50Z4AaABAg,POSITIVE,0.999345600605011,1.0,97.03,4
DLeDXDwLJFE,What is ts in the big 2026?ü•Äüò≠‚úåÔ∏è,0,,2 days ago,@Thecr3zyikidz,UgxAG_Dt3wmEBHbWc894AaABAg,NEGATIVE,0.9965907335281372,1.0,103.04,7
DLeDXDwLJFE,Ai,1,,2 days ago,@Thatboy-f1y,UgzUrVTSY1d6P3yNqjN4AaABAg,NEGATIVE,0.998572587966919,1.0,121.22,1
DLeDXDwLJFE,This was posted on my birthday and why did you stop posting,0,,2 days ago,@BostonTvTube,UgzAQ4Zx8jr0EM0lRRp4AaABAg,NEGATIVE,0.9982960820198059,1.0,88.91,12
DLeDXDwLJFE,A flying cockroach ü™≥ üòÇüòÇüòÇüòÇin midair got me,0,,3 days ago,@jessicalubang,Ugw9fvrmSTrErR4KjZp4AaABAg,POSITIVE,0.7397401928901672,1.0,78.87,7
DLeDXDwLJFE,This is probably one of the biggest fall offs I‚Äôve ever seen an AI channel have and it‚Äôs glorious,0,,3 days ago,@JurassicB,Ugyt90ekseRAkIos_jl4AaABAg,POSITIVE,0.9998692274093628,1.0,71.78,19
DLeDXDwLJFE,What the fu...,0,,3 days ago,@jessicalubang,UgxsJwnuTzlPx3muVXJ4AaABAg,NEGATIVE,0.9986445307731628,1.0,119.19,3
DLeDXDwLJFE,No I mean We're now close friends üòÇü§£üòÇü§£üòÇü§£üòÇü§£üòÇ‚ò†Ô∏èüíÄ‚ò†Ô∏èüíÄ‚ò†Ô∏èüíÄ‚ò†Ô∏èüíÄ‚ò†Ô∏èüíÄ‚ò†Ô∏èüíÄ‚ò†Ô∏èüíÄ‚ò†Ô∏èüíÄ‚ò†Ô∏èüíÄ‚ò†Ô∏è,0,,3 days ago,@jessicalubang,UgwA3tpmWEFU2B_x4kR4AaABAg,POSITIVE,0.964443027973175,1.0,115.13,7
DLeDXDwLJFE,Were close friends üòÇüòÇü§£ü§£ü§£ü§£‚ò†Ô∏è‚ò†Ô∏èüíÄüíÄ‚ò†Ô∏è,0,,3 days ago,@jessicalubang,UgzIRWQPwYDIBbWWQz94AaABAg,POSITIVE,0.9979981780052185,1.0,119.19,3
DLeDXDwLJFE,bro we are still dead ass in fact;l,0,,5 days ago,@voleakou9460,UgzaI487M7PA2etWwy94AaABAg,NEGATIVE,0.995954155921936,1.0,114.12,8
DLeDXDwLJFE,‚òê like ‚òê fun video ‚òë swiping like a ninja to escape this content ü•∑üö´ ‚òë swiping left on this sea of content üåäüëà ‚òë create this with #FacemojiAI,0,,5 days ago,@SupremeBeatzzzzzz,Ugzbw4Gq2rBEwVzuseB4AaABAg,NEGATIVE,0.997689962387085,0.7241,53.76,22
DLeDXDwLJFE,So funny üòÇüòÇüòÇüòÇüòÇüòÇ,0,,8 days ago,@gregoryhall5632,UgxH2KdC21yAEquVBZh4AaABAg,POSITIVE,0.9998075366020203,1.0,77.91,2
DLeDXDwLJFE,Why are you looking roaches? Just get rid of them just bring them with bug spray. Why do you live in your house?,0,,8 days ago,@BrendaFuselier-s6d,UgyP2tKSqj8sB0lmShV4AaABAg,NEGATIVE,0.9990247488021851,0.8261,107.1,23
DLeDXDwLJFE,What is the name of the so pleas tell me,0,,9 days ago,@Omarpo7-w2g,UgwaSOyX0f-CDUCebE54AaABAg,NEGATIVE,0.9896508455276489,0.9,112.09,10
DLeDXDwLJFE,Weird song but funny,0,,9 days ago,@ValentinaBritton,UgxczfdRcDcRE1tJuat4AaABAg,POSITIVE,0.9954087138175964,1.0,97.03,4
DLeDXDwLJFE,How bro feels about killing the polar bears:üòÅ,0,,10 days ago,@THERANDOMROBLOXGIRL,UgyPOrv7DJT33l2ouVx4AaABAg,NEGATIVE,0.9714987277984619,1.0,82.39,8
DLeDXDwLJFE,I wanna stamp on all the roachs,0,,10 days ago,@makeasmile-x3d,Ugwrdk1Qi5W3aeGkojR4AaABAg,NEGATIVE,0.988562822341919,1.0,103.04,7
DLeDXDwLJFE,Glad we left this in 2025,0,,12 days ago,@woahitskyskyy,UgyP2cdTwMaETnUtHSl4AaABAg,POSITIVE,0.967720627784729,1.0,116.15,6
DLeDXDwLJFE,This is ReallyAI,0,,2 weeks ago,@netpsewdonima665,UgzwsKeVWHpuIpS4vWx4AaABAg,POSITIVE,0.9968460202217102,1.0,90.99,3
DLeDXDwLJFE,Flying fucking cars in 2026 ü•πüñïü•Ä We are fucking deadass ü´©‚Ä¶,0,,2 weeks ago,@G4SL1GHT3R.XXE3,Ugzrj1SzGTk2Bd1MGhB4AaABAg,NEGATIVE,0.9977230429649353,0.9091,84.9,9
DLeDXDwLJFE,"Yo I'm bout a say hi even though ur the worst ai, Ur roast is so wack I told AMAZON TO RETURN U THEY WOULDN'T WANT U BACK",0,,2 weeks ago,@KAIPO-EDITZZZZ,Ugy1SWdGfIMe1FGFmoF4AaABAg,NEGATIVE,0.993558943271637,0.9286,78.71,28
DLeDXDwLJFE,Bro like look at the eyes at the end bro üíÄüíÄüíÄüè¥‚Äç‚ò†Ô∏èüè¥‚Äç‚ò†Ô∏èüè¥‚Äç‚ò†Ô∏è,0,,2 weeks ago,@KimOberer,UgwX7adxAQqN3f0Vx8p4AaABAg,POSITIVE,0.9910513162612915,0.7273,112.09,10
DLeDXDwLJFE,That last part is funny and cursed,0,,2 weeks ago,@KimOberer,UgxiIAZ4IGDMx3L8mkJ4AaABAg,NEGATIVE,0.6943084001541138,1.0,103.04,7
DLeDXDwLJFE,I live with reochesss too,0,,2 weeks ago,@AhmedMohamed-v8g8l,Ugy-X159-I-b0EFP_jt4AaABAg,NEGATIVE,0.990142285823822,1.0,100.24,5
DLeDXDwLJFE,Can you keep making these videos i misd them,0,,3 weeks ago,@SilasJhonson,UgznafaKzNmWn4N5IXR4AaABAg,NEGATIVE,0.9990915060043335,1.0,84.9,9
DLeDXDwLJFE,How the hell do ppl watch watch thisü•Äü´©,0,,3 weeks ago (edited),@robloxkiddosaretheworst,UgyqJ5M39xDpb09Gkup4AaABAg,NEGATIVE,0.9927862286567688,0.875,114.12,8
DLeDXDwLJFE,Lolüòä,0,,3 weeks ago,@Miss.squishy1,Ugx0c3vvMgu5hPdntP54AaABAg,NEGATIVE,0.6970565915107727,1.0,121.22,1
DLeDXDwLJFE,Tuffffff,0,,3 weeks ago,@Miss.squishy1,UgycIImHG09TNA2RhDl4AaABAg,NEGATIVE,0.9897890686988831,1.0,121.22,1
DLeDXDwLJFE,Broooooo so funny üòÇ‚ù§ love it videos,0,,3 weeks ago,@Miss.squishy1,UgyoUrkBU5Y1gxH3O054AaABAg,POSITIVE,0.9997674822807312,1.0,73.85,6
DLeDXDwLJFE,Wtf,1,,3 weeks ago,@Marospompa-yu5es,Ugxkqc-3OmuP4O2vF9Z4AaABAg,POSITIVE,0.6635807156562805,1.0,121.22,1
DLeDXDwLJFE,Alright bet,0,,3 weeks ago,@onekaroach-campbell8864,Ugx_scm5KDxvEQoa7054AaABAg,POSITIVE,0.9996843338012695,1.0,77.91,2
DLeDXDwLJFE,üòÇ67,0,,3 weeks ago,@lageeometry2339,Ugwd4qoejlySor1IatV4AaABAg,NEGATIVE,0.6970565915107727,1.0,121.22,1
DLeDXDwLJFE,Brainrot,1,,3 weeks ago,@LilMissFailure,UgyHSYJNKhrMwKe8qip4AaABAg,NEGATIVE,0.9885607361793518,1.0,36.62,1
DLeDXDwLJFE,Yea 10,0,,3 weeks ago,@itzproxter,UgxWtJ1y8PwyefV-9tx4AaABAg,POSITIVE,0.7623275518417358,1.0,120.21,2
DLeDXDwLJFE,"Are we deadass rnü´©üôèüíî (Facemoji, why TF when I said deadass it showed these emojis: üíÄüçë?! Like HELL NAH chill mah man",1,,3 weeks ago (edited),@NULL-AKA-FILENAME2,UgzmaEyDuRpu3oNIE514AaABAg,NEGATIVE,0.9994552731513977,0.9545,99.49,21
DLeDXDwLJFE,Alr enough videos for todayüíÄ,1,,4 weeks ago,@wudaisy1043,UgxsgWdenVZo2IOH1kt4AaABAg,NEGATIVE,0.9580809473991394,1.0,49.48,5
DLeDXDwLJFE,This is why my brother is so cringe because of thisü•Ä,1,,1 month ago,@RobloxAndMlbbXD,UgwtsUmPJQRdFjg5G2Z4AaABAg,NEGATIVE,0.9986757636070251,0.9091,95.69,11
DLeDXDwLJFE,Didnt we leave ts in June ü•Ä,1,1.0,1 month ago,@toothlessdancingmeme4863,UgyQFv61boWfjTt2UvR4AaABAg,NEGATIVE,0.7506635189056396,1.0,87.95,6
DLeDXDwLJFE,Ts not tuffüíî,0,,1 month ago,@Lilbroschannel,UgzNWJ0sWWs1hy3gSYx4AaABAg,NEGATIVE,0.9908604621887207,1.0,90.99,3
DLeDXDwLJFE,Where have you gone,0,,1 month ago,@OSCXR0711-v,Ugzqfg3Ths4u-zGDeI94AaABAg,NEGATIVE,0.9625218510627747,1.0,118.18,4
DLeDXDwLJFE,mr. bravestone is now cooked when he saw this‚úãüíÄü•Ä,0,1.0,1 month ago,@realynmarmol,UgzDYpuABDg-PuDcKEN4AaABAg,NEGATIVE,0.6373034715652466,1.0,94.3,9
DLeDXDwLJFE,i thank the boss si real but thess video si AI üò≠,0,,1 month ago,@ThafathBoubekeur,UgwNW4mhXLXuttPphIx4AaABAg,NEGATIVE,0.5762938261032104,0.9167,95.69,11
DLeDXDwLJFE,I Think he Will Return With Sora 2 AI Slop,0,,1 month ago,@epikjeffgaminglol6128,UgxcrL79PcSv3vHTLu94AaABAg,NEGATIVE,0.9996390342712402,1.0,95.17,10
DLeDXDwLJFE,One of the best channels ever is your channel‚ù§‚ù§,0,,1 month ago,@pamelaharechmak1102,UgwFlUvQQy4y4lI0DFx4AaABAg,POSITIVE,0.9998526573181152,1.0,84.9,9
DLeDXDwLJFE,Nice üòÇpls can you teach me on how to do this AI I don‚Äôt really know how to do it,0,,1 month ago,@MayowaOlojede-s6r,UgwGZyhq_XY5K--aYRd4AaABAg,POSITIVE,0.9745249152183533,0.85,97.71,20
DLeDXDwLJFE,Delete your account‚ù§Ô∏è‚ù§Ô∏è‚ù§Ô∏è,0,,1 month ago,@Rhombus58-u9k,UgwFnOAGWBWqeSmYKTB4AaABAg,NEGATIVE,0.9995469450950623,1.0,62.79,3
DLeDXDwLJFE,that is so funny,0,,1 month ago,@NatalieOrtiz-x8q,UgxEACAW9FGMcx7HnDJ4AaABAg,POSITIVE,0.9998794794082642,1.0,97.03,4
DLeDXDwLJFE,Hi niko,0,,1 month ago,@sheilamaegerardo973,UgxpGEQHnDen4qkNSY54AaABAg,POSITIVE,0.9976927042007446,1.0,77.91,2
DLeDXDwLJFE,So funny üéãüíîüòî,0,,1 month ago,@Travis-i1t3t,Ugxi88uvlGbOAJBtxq54AaABAg,POSITIVE,0.9998075366020203,1.0,77.91,2
DLeDXDwLJFE,Absolutely fantastic content!,0,,1 month ago,@WoofyGoodTimes,UgzXObTm82vmBdNhJsN4AaABAg,POSITIVE,0.9998836517333984,1.0,-50.01,3
DLeDXDwLJFE,Enough internet for todayüíÄüíÄüíÄ,2,1.0,2 months ago,@kirkguptill9358,UgxQvH5rVuLcOMuSnzl4AaABAg,POSITIVE,0.7484006285667419,1.0,33.58,4
DLeDXDwLJFE,Bro.,0,,2 months ago,@Cornymank,UgzvQ5ERY4hTskUd2D94AaABAg,POSITIVE,0.9988019466400146,1.0,121.22,1
DLeDXDwLJFE,this was made in april‚Ä¶,0,,4 weeks ago,@POOPY_GORILLA,UgyQFv61boWfjTt2UvR4AaABAg.AQyTGbBA5hyAR6kM7neHAe,POSITIVE,0.9770470857620239,1.0,100.24,5
DLeDXDwLJFE,Get off the ipad lil vro,0,,2 weeks ago,@Edgar23938,UgzDYpuABDg-PuDcKEN4AaABAg.AQewCk1GSxLARYc0GgMYvx,NEGATIVE,0.9456930756568909,1.0,116.15,6
DLeDXDwLJFE,enough poop smearing for today,0,,1 month ago,@Funtimes544,UgxQvH5rVuLcOMuSnzl4AaABAg.APayAQm_R31APsu9FR40G6,POSITIVE,0.5039698481559753,1.0,66.4,5
DLeDXDwLJFE,Ts garbage,0,,2 months ago,@Oats4Goat,Ugz7S1VIWeg8o0TvMWh4AaABAg,NEGATIVE,0.9982641339302063,1.0,35.61,2
DLeDXDwLJFE,Are you got demonitized dudde?,0,,2 months ago,@PixelEdited,Ugwwp3mOo7V048h6rfV4AaABAg,NEGATIVE,0.9978583455085754,1.0,66.4,5
DLeDXDwLJFE,I hate these ai videos its gross,0,,2 months ago,@jeronimsabani6650,Ugyoae6k7ioFoBvu9Jx4AaABAg,NEGATIVE,0.9996438026428223,1.0,90.96,7
DLeDXDwLJFE,What happen to the rock here poor,0,,2 months ago,@itsyagirl252,UgxGJRLWpLJbcJTH73t4AaABAg,NEGATIVE,0.9997830986976624,1.0,103.04,7
DLeDXDwLJFE,Good vid keep it up ‚ù§,1,,2 months ago,@MarkThomas-u4b,UgxndaP3qWYApz0tTG14AaABAg,POSITIVE,0.999813973903656,1.0,117.16,5
DLeDXDwLJFE,Is this real I need to show this to my grandkids üòÇüòÇüòÇüòÇ‚ù§,0,,2 months ago,@killuadabesthxhcharacter,Ugz2gtqlwqSMErzvkNt4AaABAg,POSITIVE,0.9981593489646912,0.8333,103.38,11
DLeDXDwLJFE,"Let it go vrochaco,üíî‚úåÔ∏èü´©",0,,2 months ago,@MiaIsnotanerd,UgzA3EaPDKuGzAyiFsR4AaABAg,NEGATIVE,0.984567403793335,1.0,97.03,4
DLeDXDwLJFE,Cockroach are flying outside üíÄ,0,1.0,2 months ago,@Catherinedianne-d5b,UgzQy1FnlqIfHK-Ies14AaABAg,NEGATIVE,0.6913345456123352,1.0,54.73,4
DLeDXDwLJFE,What is this ai slop,1,1.0,2 months ago,@Kjnosweat,Ugxi5MVflbwLS4WmeEB4AaABAg,NEGATIVE,0.9998098015785217,1.0,117.16,5
DLeDXDwLJFE,"10 10 10 10!!!!! ,",0,,2 months ago,@FeruzaAlimova-j4r,UgxwNc2oAsZY5N5tV154AaABAg,POSITIVE,0.9903391003608704,0.6,118.18,4
DLeDXDwLJFE,Why is every single one of your videos the rock?üòÇüòÇüòÇüòÇ,0,,2 months ago,@CelinaAnglemyer,UgyIRH72hHmCUiANV794AaABAg,NEGATIVE,0.9978622794151306,1.0,69.79,10
DLeDXDwLJFE,Warning do not let roches on your skeb roches can vite,0,,2 months ago,@lijichettah5,Ugyai3SH7cgIXhmuujB4AaABAg,NEGATIVE,0.9353247880935669,0.9091,103.38,11
DLeDXDwLJFE,I WAS EATING,0,,2 months ago,@Weirdassmuhahah,UgwTB5JY6phXqk0wM9V4AaABAg,POSITIVE,0.9953805208206177,1.0,90.99,3
DLeDXDwLJFE,"""Let me see your feet"" Eww Brother ewww Whats that",0,,2 months ago,@Pelocepillo-x2c,UgxAUQ2CrgAyf3Bko1h4AaABAg,POSITIVE,0.9775969386100769,1.0,103.62,10
DLeDXDwLJFE,AI is interesting üò≠,0,,2 months ago,@CurvegirlCollection,UgzoTxY_lkxER9whN054AaABAg,POSITIVE,0.9993748068809509,1.0,62.79,3
DLeDXDwLJFE,You forgot about wear eating red meat,0,,3 months ago,@kenaieyahenderson2777,UgxCT9DLQePvL38WvQt4AaABAg,NEGATIVE,0.9291743040084839,1.0,78.87,7
DLeDXDwLJFE,Yeah I know but when Cockoroaches flies outside the rock is happyüò≠üò≠üò≠üò≠üò≠,0,,2 months ago,@albamedina5398,UgzQy1FnlqIfHK-Ies14AaABAg.AP-tXFi8S_JAP7I6lIiC2Q,NEGATIVE,0.9921412467956543,1.0,74.81,12
DLeDXDwLJFE,Bro‚Äòs mom is too nice to himü•Äü•Ä,1,,3 months ago,@WillyHsu-zc3eo,UgwzUS14gjMmuce1luZ4AaABAg,POSITIVE,0.9815712571144104,1.0,115.13,7
DLeDXDwLJFE,How much water do you take away from kids for views,0,,3 months ago,@M1LKPINKXD,UgzrCAuNmQWQU0U7ZeZ4AaABAg,NEGATIVE,0.7888680696487427,1.0,95.69,11
DLeDXDwLJFE,Bro comebacküò¢,0,,3 months ago,@urbanocab7056,UgyUQ4PwSOETtkAO2HJ4AaABAg,POSITIVE,0.8400090336799622,1.0,77.91,2
DLeDXDwLJFE,Pls come back üò¢,1,,3 months ago,@KBStatsBattles,UgxUDh5n_gjuueoF2LF4AaABAg,NEGATIVE,0.957121729850769,1.0,119.19,3
DLeDXDwLJFE,"Keren bos, itu bikinnya pakai Ai apa ? Mohon infonya donk",0,,3 months ago,@bnquick1600,UgzosiU-HybSkIwzt0F4AaABAg,NEGATIVE,0.9930846691131592,1.0,91.78,10
DLeDXDwLJFE,Did anyone see his eyes gets bigger?,0,,3 months ago,@sesenoni9225,UgxouMqyg9USCbqFLTh4AaABAg,NEGATIVE,0.9792431592941284,1.0,78.87,7
DLeDXDwLJFE,Gets those roaches out of your house are you serious serious?,0,,3 months ago,@sesenoni9225,Ugwe0Szwnfcr4oGPHsN4AaABAg,NEGATIVE,0.9946040511131287,1.0,72.62,11
DLeDXDwLJFE,Huh,0,,3 months ago,@Lbackup-h2f,UgxCCEjLhoqxyUT_Luh4AaABAg,NEGATIVE,0.8706392049789429,1.0,121.22,1
DLeDXDwLJFE,Why did you stop posting?,0,,3 months ago,@ruju5353,Ugyoq0xwyT2scN9cUMx4AaABAg,NEGATIVE,0.9989042282104492,1.0,100.24,5
DLeDXDwLJFE,Anyone watching this at October 2025?,0,,3 months ago,@keenanarsyaarbani8343,Ugz00ftgxy1Sei-SwMJ4AaABAg,NEGATIVE,0.9930546879768372,1.0,45.65,6
DLeDXDwLJFE,Can make video raise rock pls,1,,3 months ago,@AndyShortYoutube,UgzSdfwo1b5qh8CI8bV4AaABAg,NEGATIVE,0.7156887054443359,1.0,87.95,6
DLeDXDwLJFE,Love when you post!,0,,3 months ago,@princesscompilations,UgyasmHajjx4XCVlOXd4AaABAg,POSITIVE,0.9998797178268433,1.0,118.18,4
DLeDXDwLJFE,thank you for 50 subscriber‚ù§‚ù§‚ù§,1,,3 months ago,@SonalKumar-x7,UgxnP_hTYRvOmXOesTx4AaABAg,POSITIVE,0.9998014569282532,1.0,83.32,5
DLeDXDwLJFE,üòÇmmm,0,,3 months ago,@ChrisHemsworth-j5k4d,UgyV8kxLdmfCRQwSXIt4AaABAg,NEGATIVE,0.6970565915107727,1.0,121.22,1
DLeDXDwLJFE,What ü™≥ cockroach cockroaches are not friends they are bite,0,,3 months ago,@sarahdak4677,Ugybm2IKsv1neCp6A5x4AaABAg,NEGATIVE,0.9980090260505676,0.9,84.9,9
DLeDXDwLJFE,I I‚Äôve sis,0,,3 months ago,@hanaAbdullahu-s2c,UgzUhqDAP6OMAimqORJ4AaABAg,POSITIVE,0.987894594669342,1.0,119.19,3
DLeDXDwLJFE,"The song is funny and all, but this has traumatised me..",0,,3 months ago,@Twos_Crib,UgzunKz-6lelPD0L5kR4AaABAg,NEGATIVE,0.9848290085792542,1.0,88.0,11
DLeDXDwLJFE,I wanna like and sub you but I can‚Äôt because then in future still might be better than me by the ai videos,0,,4 months ago,@stuf_stuf_stuf,Ugwsybth4FaeeAav4Th4AaABAg,NEGATIVE,0.924108624458313,0.9565,76.82,23
DLeDXDwLJFE,U already did this vid ùï•ùïôùïñ ùïóùïíùïùùïù ùï†ùïóùïó ùïöùï§ ùïöùïüùï§ùïíùïüùïñ ·•£◊Å◊Ö÷™‚Å†Í™±◊Å◊Ö◊Å◊Ö◊Å◊Ö‚Å†∆ô◊Å◊Ö‚Å†Í´Ä◊Å◊Ö‚Å†‹ª›ä ‹ª‚®çÍ≠à◊Å◊Ö,1,,4 months ago,@SAHAR_MISTER_MONKEY,UgxqyUdW0inyt-Y6cMd4AaABAg,NEGATIVE,0.9923912882804871,1.0,95.95,12
DLeDXDwLJFE,thats why aliens never ever visited us,0,,4 months ago,@KiddoniniPointinini,UgwSp9urSPl3koNtvvt4AaABAg,NEGATIVE,0.9747553467750549,1.0,42.62,7
DLeDXDwLJFE,I live with scorpions 20 of we close friends and get rid of them let me see your feet. I‚Äôm gonna tickle them.,0,,4 months ago,@lawlis1971,UgzwQ7le_BpxYKL96r14AaABAg,POSITIVE,0.9993698000907898,0.9565,95.85,23
DLeDXDwLJFE,Enough internet for today,0,,4 months ago,@BananaArt-3d,UgxoqoqOvEsRiIkHs_F4AaABAg,POSITIVE,0.978005588054657,1.0,33.58,4
DLeDXDwLJFE,R.I.P. ReallyNotAI,0,,4 months ago,@TommytheGroovboxFan2,UgykiitHfroL3JDi5SJ4AaABAg,POSITIVE,0.6633598208427429,1.0,-48.99,2
DLeDXDwLJFE,Please come back bro you were my biggest inspiration back in the day man I wouldn‚Äôt BE HERE if it wasn‚Äôt for your amazing content!,2,1.0,4 months ago,@hotairedits,UgwOrarxtQzRfp5Q4GR4AaABAg,POSITIVE,0.9992625117301941,0.96,66.4,25
DLeDXDwLJFE,Get outta here you pompous printer,0,,4 months ago,@NikoNaps,UgwbsIXw0ryNjFZfsCF4AaABAg,NEGATIVE,0.9991961121559143,1.0,73.85,6
DLeDXDwLJFE,Bro This Is Bad,0,,4 months ago,@UN0FF1C1AL_MARK3R_FAN,UgxgIEIATGoLVMkNpwR4AaABAg,NEGATIVE,0.9998014569282532,1.0,118.18,4
DLeDXDwLJFE,"Oh heck, no in anyways if you do that you would faint because of the smell",0,,4 months ago,@Cristian-i9f,UgxvZkCWFYeW20clXJh4AaABAg,NEGATIVE,0.9945527911186218,0.9375,90.13,16
DLeDXDwLJFE,How can i do that videos,0,,4 months ago,@Datodato09,UgwV1s2hjfD8IraG7yJ4AaABAg,NEGATIVE,0.9905030727386475,1.0,87.95,6
DLeDXDwLJFE,Ewwww,0,,4 months ago,@pingsi224,UgwJUpAAw8C6Dr-qA9F4AaABAg,NEGATIVE,0.9825170636177063,1.0,121.22,1
DLeDXDwLJFE,Bro still doing ts in 2025ü•Ä,0,,4 months ago,@scorpion936.,UgzXg0FfoCpcYYnroZ54AaABAg,NEGATIVE,0.7288997769355774,1.0,87.95,6
DLeDXDwLJFE,I LVE,0,,4 months ago,@petronalewis9817,Ugwe3S8_n1XwrpNpDG54AaABAg,POSITIVE,0.9854344129562378,1.0,120.21,2
DLeDXDwLJFE,What the?,0,,4 months ago,@euchreplaya,UgzVmN_X8dGQMPAMf0B4AaABAg,NEGATIVE,0.9936304688453674,1.0,120.21,2
DLeDXDwLJFE,Why are you doing this to the rock? He‚Äôs a wrestler. He can fight you right now if he sees this if he sees this.,0,,4 months ago,@DuffyGzz,Ugz6VfsGbuADMZNmD8V4AaABAg,NEGATIVE,0.9578589797019958,0.76,103.62,25
DLeDXDwLJFE,what is this is ai,0,,4 months ago,@skelltonking17,UgyrkPPufaEdTVADiRh4AaABAg,NEGATIVE,0.9989957213401794,0.8,117.16,5
DLeDXDwLJFE,This is a joke right,2,,3 months ago,@youraverage-pilgor,UgwOrarxtQzRfp5Q4GR4AaABAg.AMrEDIxEBJBAORlACWxglr,POSITIVE,0.5684548020362854,1.0,117.16,5
DLeDXDwLJFE,Ts not tuff in the big 25üò≠,0,,4 months ago,@Monogon_mug,UgwqzPdPLJGs6FZFFkV4AaABAg,NEGATIVE,0.9803621768951416,1.0,103.04,7
DLeDXDwLJFE,Vros still making these videosüòÇüéâ,0,,5 months ago,@Skelly549,UgwNI6-U6-tOaWJ8qPN4AaABAg,NEGATIVE,0.8096851110458374,1.0,66.4,5
DLeDXDwLJFE,Hhell,0,,5 months ago,@MuhammadTahaUmer-l7v,Ugw6X19GMSkzkd1kX1J4AaABAg,NEGATIVE,0.5655000805854797,1.0,121.22,1
DLeDXDwLJFE,TIN SKIN WIREBACK CLANKER,0,,5 months ago,@Tysn_a,Ugzft7IBVbk7U4DVu-54AaABAg,NEGATIVE,0.9704950451850891,1.0,97.03,4
DLeDXDwLJFE,give up already broski,0,1.0,5 months ago,@alexeitarasov1983,UgxG3FvAE9LG-66gIFB4AaABAg,NEGATIVE,0.9932276606559753,1.0,54.73,4
DLeDXDwLJFE,Want to chat with you if you dont mind,0,,5 months ago,@SamNBAsandhu,UgyUqaHrEa2-u8S5E4t4AaABAg,POSITIVE,0.9972360730171204,0.8889,113.1,9
DLeDXDwLJFE,‚ÄúReallyNotAi‚Äù more like REALLY REALLY REALLY REALLY REALLY REALLY REALLY REALLY REALLY REALLY REALLY REALLY REALLY REALLY REALLY REALLY REALLY REALLY REALLY REALLY REALLY REALLY REALLY REALLY REALLY REALLY REALLY REALLY REALLY REALLY REALLY REALLY REALLY REALLY REALLY REALLY REALLY REALLY REALLY REALLY REALLY REALLY REALLY REALLY REALLY REALLY REALLY REALLY REALLY REALLY REALLY REALLY REALLY REALLY REALLY REALLY REALLY REALLY REALLY REALLY REALLY REALLY REALLY REALLY REALLY REALLY REALLY REALLY REALLY REALLY REALLY REALLY REALLY REALLY REALLY REALLY REALLY REALLY REALLY REALLY REALLY REALLY REALLY REALLY REALLY REALLY REALLY REALLY REALLY REALLY REALLY REALLY REALLY REALLY REALLY REALLY REALLY REALLY REALLY REALLY REALLY REALLY REALLY REALLY REALLY REALLY REALLY REALLY REALLY REALLY REALLY REALLY REALLY REALLY REALLY REALLY REALLY REALLY REALLY REALLY REALLY REALLY REALLY REALLY REALLY REALLY REALLY REALLY REALLY REALLY REALLY REALLY REALLY REALLY REALLY REALLY REALLY REALLY REALLY REALLY REALLY REALLY REALLY REALLY REALLY REALLY REALLY REALLY REALLY REALLY REALLY REALLY REALLY REALLY REALLY REALLY REALLY REALLY REALLY REALLY REALLY REALLY AI Edit 1: this guy is verified‚Ä¶‚Ä¶‚Ä¶.. are we dead actüíî,0,,5 months ago (edited),@MrWheresmykeys,UgyEngoAVlTWvtVtzvV4AaABAg,NEGATIVE,0.6771374344825745,0.0852,-48.32,176
DLeDXDwLJFE,What takes him so long to return DX,8,1.0,5 months ago,@AcceleratorGMD,UgwxDTwBUb_3R2BnP6p4AaABAg,NEGATIVE,0.9907011985778809,1.0,103.54,8
DLeDXDwLJFE,Bto bit a roch,0,,5 months ago,@bodhiandaveryplaytimeheroe2921,UgzQxnKfRGi98cLCOdp4AaABAg,NEGATIVE,0.993290901184082,1.0,118.18,4
DLeDXDwLJFE,You are AI,0,,6 months ago (edited),@FotoAwesome,UgyBK3uLHcXb6lGBaGB4AaABAg,NEGATIVE,0.9984695315361023,1.0,119.19,3
DLeDXDwLJFE,The fact I felt something tickling my legüíÄ,2,,6 months ago,@E23-45,UgwYQaumW8p0I8d4Jht4AaABAg,POSITIVE,0.983993649482727,1.0,92.97,8
DLeDXDwLJFE,The fall off is crazy,3,,6 months ago,@Egorwest-1257,Ugy0sOpGd__jdlSZSaF4AaABAg,NEGATIVE,0.9961202144622803,1.0,100.24,5
DLeDXDwLJFE,Dude is not making a dime from theseüíî,15,2.0,6 months ago,@carcitypreformance,UgzeJ9UNkkUA3fkisl54AaABAg,NEGATIVE,0.99964439868927,1.0,103.54,8
DLeDXDwLJFE,How does it feel not making money anymore,17,3.0,6 months ago,@ClashYouTube0309,Ugx1zdbfcNYpLIgdBKB4AaABAg,NEGATIVE,0.9986913800239563,1.0,71.82,8
DLeDXDwLJFE,No way the bills are getting pay with this,0,1.0,6 months ago,@AidenPartida,UgwjD4haXqwNJIXPZ_t4AaABAg,NEGATIVE,0.9990354776382446,1.0,103.7,9
DLeDXDwLJFE,ARE WE DEAD ASS DOING TS CORNY SHIT IN 2025ü•Äü•Äüíîüíî,8,,6 months ago,@K3VIN_ED1TXZZ,UgwHg7EejwA4BEzxDcx4AaABAg,NEGATIVE,0.9988983869552612,1.0,86.71,10
DLeDXDwLJFE,He did,0,,5 months ago,@JFN_Editz,UgxG3FvAE9LG-66gIFB4AaABAg.ALQ1wMY_d_0ALeiG0fyMjt,POSITIVE,0.9985712766647339,1.0,120.21,2
DLeDXDwLJFE,Xd,1,,3 months ago,@loganp8485,UgwxDTwBUb_3R2BnP6p4AaABAg.AL8-Q3ecRMwANiKwRVguzI,POSITIVE,0.762841522693634,1.0,121.22,1
DLeDXDwLJFE,hes top tier yt fuh u,0,,1 month ago,@Funtimes544,UgzeJ9UNkkUA3fkisl54AaABAg.AKczLbMa0TZAPsu8MDRnO3,POSITIVE,0.6321390867233276,1.0,116.15,6
DLeDXDwLJFE,@Funtimes544 sybauü•Äü´© you are not tuff lil bro ü•Ä,0,,1 month ago,@LilyAshly-k6h,UgzeJ9UNkkUA3fkisl54AaABAg.AKczLbMa0TZAQzxhNxUg09,NEGATIVE,0.7926700115203857,1.0,103.54,8
DLeDXDwLJFE,"He's still monetized and likely getting a ton of views even now, at least on his old videos.",0,,9 days ago,@EchoVerseRaconteur,Ugx1zdbfcNYpLIgdBKB4AaABAg.AKco1vgnD14ARqSWXmNGoP,POSITIVE,0.9831053614616394,1.0,71.07,18
DLeDXDwLJFE,‚Äã @EchoVerseRaconteur youtube doesn't pay creators that use Ai content for media,0,,9 days ago,@ClashYouTube0309,Ugx1zdbfcNYpLIgdBKB4AaABAg.AKco1vgnD14ARqhVmtDsIb,NEGATIVE,0.9898349642753601,1.0,26.47,11
DLeDXDwLJFE,Youtube doesn't monetize ai generated videos now.,0,,6 months ago,@NicolasSilvera-c9o,UgwjD4haXqwNJIXPZ_t4AaABAg.AK_SGc3ILkSAKbPXTLvZZY,NEGATIVE,0.970683753490448,1.0,18.44,7
DLeDXDwLJFE,Glad YouTube is no longer paying people who post this stuff,0,,6 months ago,@theAudaciousAudacity,UgzF7ndVVw8x8u8XYU54AaABAg,NEGATIVE,0.9993853569030762,1.0,88.0,11
DLeDXDwLJFE,Snoop Dogg be like,0,,6 months ago,@Toofastbro,Ugyqvp7HB98Uh7f9_QJ4AaABAg,POSITIVE,0.9926419854164124,1.0,118.18,4
DLeDXDwLJFE,Bro he hassix toes,0,,6 months ago,@Jordan2222-w2d,Ugxj8llFEp-C6UVfQN14AaABAg,NEGATIVE,0.6566116809844971,1.0,97.03,4
DLeDXDwLJFE,Are we deadass still making the rock AI videos ü•Äüíî,71,12.0,6 months ago,@Dip_shit_289,UgzFNuUrf74eQEaV4054AaABAg,NEGATIVE,0.9985452890396118,1.0,84.9,9
DLeDXDwLJFE,This damn isn't üò≠üò≠üò≠üò≠üò≠ü•Äüíî,0,,6 months ago,@emmanuelcastanogonzales8826,UgwIwr-fRoBxtaL3lhN4AaABAg,NEGATIVE,0.998665452003479,1.0,90.99,3
DLeDXDwLJFE,Stop with ai shit,0,,6 months ago,@jason_yt77,UgwaniJqMVafXOJHyVZ4AaABAg,NEGATIVE,0.999087929725647,1.0,118.18,4
DLeDXDwLJFE,Marosina should get this level of views,1,,6 months ago,@AiChatSummary,Ugwhn9LeKJBib9IX_kN4AaABAg,POSITIVE,0.9963088631629944,1.0,90.96,7
DLeDXDwLJFE,I agree with salomAlatrash,0,,6 months ago,@ichigo35689,Ugwg5HxK7urUO2AcWRd4AaABAg,POSITIVE,0.990436851978302,1.0,12.43,4
DLeDXDwLJFE,This is ai,0,1.0,6 months ago,@Jonyiskingofcheese,Ugy68NdNXQ6Rv7OWPWd4AaABAg,NEGATIVE,0.999445378780365,1.0,119.19,3
DLeDXDwLJFE,dead internet factü´©ü™´ü•Ä,27,2.0,6 months ago,@IAMTHESPADEDWIND,Ugwf52bGOroaShXBFi54AaABAg,NEGATIVE,0.9990553259849548,1.0,62.79,3
DLeDXDwLJFE,I don‚Äôt that thats 10 blud üò≠,0,,6 months ago,@Itz_Mia168,Ugz8jHfSCnWDKs14qzZ4AaABAg,NEGATIVE,0.9957695007324219,1.0,116.15,6
DLeDXDwLJFE,Me too,0,,6 months ago,@kickingitwiththeboyz1985,Ugx92tE0athOHAmFgiF4AaABAg,POSITIVE,0.990517795085907,1.0,120.21,2
DLeDXDwLJFE,Dwayne Johnson lives with 10 cockroaches?!,0,,6 months ago,@tonygorgijeski5805,Ugy76dpA25bCloKrJuN4AaABAg,NEGATIVE,0.7614284157752991,1.0,73.85,6
DLeDXDwLJFE,Who actually watches this shit?,1,,6 months ago,@Jimmy-h6n9s,UgzcfauxHnY1E3ki2hZ4AaABAg,NEGATIVE,0.9993170499801636,1.0,49.48,5
DLeDXDwLJFE,We are cooked,0,,6 months ago,@Jaxen_kypolice5,Ugz-DU2aWuENtqdP7e14AaABAg,POSITIVE,0.9994831085205078,1.0,119.19,3
DLeDXDwLJFE,We fell of as a species because of this AI Slop.,0,,6 months ago,@Dogsareroyal-fu4rh,UgzGJOmPraZ2A9mG4NR4AaABAg,NEGATIVE,0.9997590184211731,0.9091,95.69,11
DLeDXDwLJFE,"actual slop vro, no human creativity put into this",0,,7 months ago,@niiccori,Ugwi8oK29Wm9vNkoOxJ4AaABAg,NEGATIVE,0.9998168349266052,1.0,37.9,9
DLeDXDwLJFE,Did I just Saw a flying cockroach Floating in mid airüíÄ,7,2.0,7 months ago,@JaydenGamingOnYT,Ugxmj8vRk7is4afFuWl4AaABAg,NEGATIVE,0.9854287505149841,1.0,88.0,11
DLeDXDwLJFE,Yuck,0,,7 months ago,@twinklestarfun,UgxdrheqPUNK2q8byAN4AaABAg,NEGATIVE,0.7519444227218628,1.0,121.22,1
DLeDXDwLJFE,dewdew,0,,1 month ago,@Funtimes544,UgzFNuUrf74eQEaV4054AaABAg.AKPoDtZs_qOAPsu7Ce65zW,POSITIVE,0.9868699908256531,1.0,121.22,1
DLeDXDwLJFE,It's og bro like tfüòîü•Ä,0,,1 month ago,@Traci-w3i,UgzFNuUrf74eQEaV4054AaABAg.AKPoDtZs_qOAQxeS6lEVMN,NEGATIVE,0.9228820204734802,1.0,117.16,5
DLeDXDwLJFE,Why don‚Äôt you let bro be and the creator @Dip_shit_289 if he wants to make this type of content he can also just don‚Äôt say anything if you don‚Äôt like it and so what if bro likes them he‚Äôs a fan so let the fan be I don‚Äôt like the video but am I gonna say ‚ÄúThis is so old! This content is bad! This is so 2023 or whatever if you have nothing nice to say then shut your mouth and think about people‚Äôs feelings they may be hurt by what someone hates about them btw I‚Äôm not hating on anyone but it‚Äôs not nice so please don‚Äôt hate on videos and ignore them unless they‚Äôre doing something wrong to you or others,0,,3 weeks ago,@Cassidy-GoldenFreddy12345,UgzFNuUrf74eQEaV4054AaABAg.AKPoDtZs_qOARFQrmlQ71_,NEGATIVE,0.9997898936271667,0.6371,61.18,124
DLeDXDwLJFE,Broooo it funny üò¢,0,,3 weeks ago,@Miss.squishy1,UgzFNuUrf74eQEaV4054AaABAg.AKPoDtZs_qOARMrr_vRVLC,POSITIVE,0.9982763528823853,1.0,90.99,3
DLeDXDwLJFE,@Miss.squishy1 This is not funny whatsoevertü´©,0,,3 weeks ago,@robloxkiddosaretheworst,UgzFNuUrf74eQEaV4054AaABAg.AKPoDtZs_qOARNpht5MZRF,NEGATIVE,0.9998064637184143,1.0,59.75,6
DLeDXDwLJFE,Why not? I love em,5,,6 months ago,@PatafalaiHamala,UgzFNuUrf74eQEaV4054AaABAg.AKPoDtZs_qOAKgaoleA4Rd,POSITIVE,0.999629020690918,1.0,117.16,5
DLeDXDwLJFE,@PatafalaiHamala that‚Äôs pretty weird ngl,5,,6 months ago,@E23-45,UgzFNuUrf74eQEaV4054AaABAg.AKPoDtZs_qOAKj9O05o4tL,NEGATIVE,0.9685271978378296,1.0,83.32,5
DLeDXDwLJFE,@PatafalaiHamala im pretty sure you are about 6yrs old,4,,5 months ago,@Dip_shit_289,UgzFNuUrf74eQEaV4054AaABAg.AKPoDtZs_qOAKw2DvNXC3N,POSITIVE,0.6994043588638306,1.0,84.9,9
DLeDXDwLJFE,@PatafalaiHamala wtf,3,,5 months ago,@AyanAlam-rs5dr,UgzFNuUrf74eQEaV4054AaABAg.AKPoDtZs_qOAL0sFbYOo-u,NEGATIVE,0.7560366988182068,1.0,77.91,2
DLeDXDwLJFE,We know dude,0,,2 months ago,@Mr.Luigi_Mario,Ugy68NdNXQ6Rv7OWPWd4AaABAg.AKFuhCfVkWkAOkZaSCNrp4,POSITIVE,0.9961049556732178,1.0,119.19,3
DLeDXDwLJFE,please stop watching ts,2,,7 months ago,@niiccori,Ugxmj8vRk7is4afFuWl4AaABAg.AJcIlKhVwapAJcfzPokk5B,NEGATIVE,0.9995043277740479,1.0,75.88,4
DLeDXDwLJFE,Sybauüíî,0,,5 months ago,@Skelly549,Ugxmj8vRk7is4afFuWl4AaABAg.AJcIlKhVwapALyW7Togsdc,NEGATIVE,0.6970565915107727,1.0,121.22,1
DLeDXDwLJFE,If your not ai then pin this comment or even just reply!,0,,7 months ago,@8azv,Ugwn9udnFsm0pYhMCid4AaABAg,NEGATIVE,0.9933847784996033,1.0,88.91,12
DLeDXDwLJFE,I liv with roaches bout ten off them bro got 3636363636636 roaches,0,,7 months ago,@xeramccord9813,UgxN970iAll9MEriQXV4AaABAg,NEGATIVE,0.9895942211151123,0.9167,95.95,12
DLeDXDwLJFE,But sora is from kingdom hearts,0,,7 months ago,@RoccoFrisina-x5u,UgzjPlSxoO_0Z5D2Z754AaABAg,POSITIVE,0.998863935470581,1.0,87.95,6
DLeDXDwLJFE,–ª—é–¥–∏ –æ–Ω –±—ã–ª —Ä–∞–±–æ—Ç–Ω–∏–∫–æ–º –∏–ª–∏ —Ä–∞–∑—Ä–∞–±–æ—Ç—á–∏–∫–æ–º –≥—É–≥–ª –≤–µ–¥—å –≥—É–≥–ª –¥–∂–µ–º–∏–Ω–∏ –±—ã–ª–∞ —Å–æ–∑–¥–∞–Ω–∞ –≤ 2013 –∞ –≤—ã—à–ª–æ –Ω–µ–π—Ä–æ—Å–µ—Ç—å —Ç–æ–ª—å–∫–æ –≤ 2022 —É –Ω–µ–≥–æ –±—ã–ª —Ä–∞–Ω–∏–π –¥–æ—Å—Ç—É–ø –≤–µ–¥—å —ç—Ç–æ—Ç –∞–∫–∫–∞—É–Ω—Ç –±—ã–ª —Å–æ–∑–¥–∞–Ω –≤ 2013,1,,7 months ago,@Mrpopkkmag,Ugx0WtbHl-Xh3Uyashx4AaABAg,NEGATIVE,0.543185293674469,0.7812,89.76,32
DLeDXDwLJFE,This is what happened next of last video,2,,7 months ago,@marysaunders637,UgyTlbt8d4YA3HSu5754AaABAg,NEGATIVE,0.9905297160148621,1.0,82.39,8
DLeDXDwLJFE,Bhai tum background music kam rakho ... videos me,1,,7 months ago,@rehanmemon9660,UgxOaMkl0K1TXQhoDK54AaABAg,POSITIVE,0.5670725107192993,1.0,71.82,8
DLeDXDwLJFE,Feet,1,,7 months ago,@Mas3-g1m,Ugy5DKGoA5WOzNqN25t4AaABAg,POSITIVE,0.996411144733429,1.0,121.22,1
DLeDXDwLJFE,You are ai haha gutcha,0,,8 months ago,@Sei_me,UgytR57L2M5NDddeb494AaABAg,NEGATIVE,0.8442710638046265,1.0,100.24,5
DLeDXDwLJFE,"Grass is a plant with narrow leaves growing from the base. A common kind of grass is used to cover the ground in a lawn and other places. Grass gets water from the roots in the ground. Grasses are monocotyledon, herbaceous plants. The grasses include the ""grass"", of the family Poaceae (also called Gramineae). Also sometimes it is used to include the sedges (Cyperaceae) and the rushes (Juncaceae). These three families are not closely related but belong to different clades in the order Poales. They are similar adaptations to a common life-style. The true grasses include cereals, bamboo and the grasses of lawns (turf) and grassland. Uses for graminoids include food (as grain, sprouted grain, shoots or rhizomes), drink (beer, whisky), pasture for livestock, thatching thatch, paper, fuel, clothing, insulation, construction, sports turf, basket weaving and many others. Many grasses are short, but some grasses, like bamboo can grow very tall. Plants from the grass family can grow in many places, even if they are very cold or very dry. Several other plants that look similar but are not members of the grass family are also sometimes called grass; these include rushes, reeds, papyrus, and water chestnut. Grasses are an important food for many animals, like deer, buffalo, cattle, mice, grasshoppers, caterpillars, and many other grazers. Unlike other plants, grasses grow from the bottom, so when animals eat grass they usually do not destroy the part that grows. Without grass, dirt can wash away into rivers (erosion). Graminoids include some of the most versatile plant life-forms. They became widespread toward the end of the Cretaceous. Fossilized dinosaur dung (coprolites) have been found containing grass phytoliths (silica stones inside grass leaves). Grasses have adapted to conditions in lush rain forests, dry deserts, cold mountains and even intertidal habitats, and are now the most widespread plant type. Grass is a valuable source of food and energy for many animals. Lawn grass is often planted on sports fields and in the area around a building. Sometimes chemicals and water is used to help lawns to grow. People have used grasses for a long time. People eat parts of grasses. Corn, wheat, barley, oats, rice and millet are cereals, common grains whose seeds are used for food and to make alcohol such as beer. Sugar comes from sugar cane, which is also a plant in the grass family. People have grown grasses as food for farm animals for about 4,000 years. People use bamboo to build houses, fences, furniture and other things. Grass plants can also be used as fuel, to cover roofs, and to weave baskets. In English, the word ""grass"" appears in several phrases. For example: ""The grass is always greener on the other side"" means ""people are never happy with what they have and want something else."" ""Don't let the grass grow under your feet"" means ""Do something"". ""A snake in the grass"" is about a person that will not be honest and will trick others. Grass is sometimes used as a slang term for cannabis (also called pot, weed, or marijuana) Hope this helps!",1,1.0,8 months ago,@melbowman7953,UgxZ96VaJarWGJNV-lp4AaABAg,NEGATIVE,0.9530594348907471,0.537,68.16,514
DLeDXDwLJFE,"I think rock the roach, not the roaches",1,,8 months ago,@Sniper189-9,UgxhNOWjoWVFHuWUwox4AaABAg,NEGATIVE,0.9955686926841736,0.875,103.54,8
DLeDXDwLJFE,The way this video just pulled me in‚Äî10/10 üëè I‚Äôm working on bringing this kind of energy to my own channel @JellyPink-j5o. Would love your thoughts!,0,,8 months ago,@JellyPink-j5o,UgyVSAPIRthL48sVNjN4AaABAg,POSITIVE,0.9995027780532837,0.9615,79.09,25
DLeDXDwLJFE,Bro can you leave ai in 2024 pls,2,,8 months ago,@Hahahahaha-x7r,UgwPIsqNY9qtXKPw6Ot4AaABAg,NEGATIVE,0.994780957698822,1.0,114.12,8
DLeDXDwLJFE,What app is this,4,,8 months ago,@Luke09Vr,UgzfnodDZBEwu6M5z2x4AaABAg,POSITIVE,0.8443195223808289,1.0,118.18,4
DLeDXDwLJFE,"No, please come back. You been there for me my whole life I watch your videos every single day nonstop and literally you‚Äôre number one biggest fan. Please come back.",12,5.0,8 months ago,@Abigail-b9k7m,Ugw89hPrGJSmhj08FW54AaABAg,POSITIVE,0.9982840418815613,0.9,81.07,30
DLeDXDwLJFE,Tutorial please,4,,8 months ago,@UMAR-XPIKACHU,UgwXbo4fT41mxorUZG54AaABAg,POSITIVE,0.9981499910354614,1.0,-6.69,2
DLeDXDwLJFE,the fall off is deadly,103,5.0,8 months ago,@Da_Epic_Duck,UgwwskQ3ANEP8tkWeUB4AaABAg,NEGATIVE,0.9985232949256897,1.0,100.24,5
DLeDXDwLJFE,ABSOLUTE CRINGE,9,9.0,8 months ago,@XTWraithCaller,UgxYUtRyGBmyJNZxWEh4AaABAg,NEGATIVE,0.9997636675834656,1.0,35.61,2
DLeDXDwLJFE,Thank you.,0,,4 months ago,@emilykrings9101,UgxZ96VaJarWGJNV-lp4AaABAg.AIDOlOQVxs8AMDg5o3SLOd,POSITIVE,0.9998457431793213,1.0,120.21,2
DLeDXDwLJFE,You go to kinder garten right?,1,,5 months ago,@RealYoji1234,Ugw89hPrGJSmhj08FW54AaABAg.AHyVvFnhQdoALKhVcKzzFH,NEGATIVE,0.8748005628585815,1.0,87.95,6
DLeDXDwLJFE,How old are you,1,,5 months ago,@AaronWenger-zi7oz,Ugw89hPrGJSmhj08FW54AaABAg.AHyVvFnhQdoALnDGX3nzXE,NEGATIVE,0.9991113543510437,1.0,118.18,4
DLeDXDwLJFE,God damn the new generation is overüíî,1,,5 months ago,@Skelly549,Ugw89hPrGJSmhj08FW54AaABAg.AHyVvFnhQdoALyW_dhRFMF,NEGATIVE,0.9959403276443481,1.0,66.79,7
DLeDXDwLJFE,‚Ä¶ Get out of this platform instantly now.,0,,6 months ago,@Dogsareroyal-fu4rh,Ugw89hPrGJSmhj08FW54AaABAg.AHyVvFnhQdoAJnvWpUoyNB,POSITIVE,0.6674062013626099,1.0,78.87,7
DLeDXDwLJFE,aint no way you like this caca,0,,5 months ago,@awtringer,Ugw89hPrGJSmhj08FW54AaABAg.AHyVvFnhQdoAKyeFBpXBo6,NEGATIVE,0.9116834402084351,1.0,103.04,7
DLeDXDwLJFE,Fr,3,,6 months ago,@Sui6421,UgwwskQ3ANEP8tkWeUB4AaABAg.AHT9GTA6docAKlfb7qMGFQ,POSITIVE,0.9514777064323425,1.0,121.22,1
DLeDXDwLJFE,You have 67 likesüòÆ,1,,4 months ago,@baconman25,UgwwskQ3ANEP8tkWeUB4AaABAg.AHT9GTA6docANG0es6ByFE,NEGATIVE,0.5483455061912537,1.0,118.18,4
DLeDXDwLJFE,@baconman25 ü´©ü•Äsybau,0,,1 month ago,@LilyAshly-k6h,UgwwskQ3ANEP8tkWeUB4AaABAg.AHT9GTA6docAQzxb7-2vgB,NEGATIVE,0.9180492758750916,1.0,35.61,2
DLeDXDwLJFE,the fall off smels like dewdew hes top tier creator,0,,1 month ago,@Funtimes544,UgwwskQ3ANEP8tkWeUB4AaABAg.AHT9GTA6docAPsu60DprWM,NEGATIVE,0.9985836744308472,1.0,95.17,10
DLeDXDwLJFE,Who the hell says cringe in 2025,1,,8 months ago,@brandondowns5634,UgxYUtRyGBmyJNZxWEh4AaABAg.AHQUkry7vMIAHk2on2abfg,NEGATIVE,0.9992862343788147,1.0,115.13,7
DLeDXDwLJFE,@brandondowns5634 AND NO WAY YOU WATCH THIS IN 2025,0,,8 months ago,@2Tiffany4u,UgxYUtRyGBmyJNZxWEh4AaABAg.AHQUkry7vMIAHvxulAi1Ck,NEGATIVE,0.9702918529510498,1.0,84.9,9
DLeDXDwLJFE,@brandondowns5634 it is cringe,0,,8 months ago,@XTWraithCaller,UgxYUtRyGBmyJNZxWEh4AaABAg.AHQUkry7vMIAHk3L_dFSau,NEGATIVE,0.9996477365493774,1.0,54.73,4
DLeDXDwLJFE,Finally a normal comment,0,,8 months ago,@2Tiffany4u,UgxYUtRyGBmyJNZxWEh4AaABAg.AHQUkry7vMIAHvxz-Zgwno,POSITIVE,0.9752948880195618,1.0,33.58,4
DLeDXDwLJFE,Pick up a pencil,0,2.0,8 months ago,@dravenclem485,UgyKOY6163FUuLfAF254AaABAg,NEGATIVE,0.9513212442398071,1.0,97.03,4
DLeDXDwLJFE,Those are not 10 roaches üíÄ,8,3.0,9 months ago,@Gamingwithanyname,UgwlRLNOD5xlzOYwG7t4AaABAg,NEGATIVE,0.934266209602356,1.0,100.24,5
DLeDXDwLJFE,Eww,10,3.0,9 months ago (edited),@pollywolly3903,UgwavpataoBQ-7uPwAN4AaABAg,NEGATIVE,0.9806575179100037,1.0,121.22,1
DLeDXDwLJFE,Your eyes is crazyüò¢,4,2.0,9 months ago,@velmadanley-king7146,Ugz8QLjqAPa8I1YlPMZ4AaABAg,POSITIVE,0.992084801197052,1.0,97.03,4
DLeDXDwLJFE,Theres way more then 10,2,1.0,9 months ago,@jakegames12345,Ugxpg2RlEGhrUABJmaJ4AaABAg,POSITIVE,0.5619376301765442,1.0,117.16,5
DLeDXDwLJFE,LolüòÇ,2,1.0,9 months ago,@Angell-d2u,UgwmiQWEhJURlHKi-OB4AaABAg,NEGATIVE,0.6970565915107727,1.0,121.22,1
DLeDXDwLJFE,First w classic,8,2.0,9 months ago,@jenniferlowrey2554,UgzZrfInEoKpwTjgW4V4AaABAg,POSITIVE,0.9989099502563477,1.0,34.59,3
DLeDXDwLJFE,Who cares? Bruh,0,,8 months ago,@Orgatechin,UgyKOY6163FUuLfAF254AaABAg.AHHobXgn515AIH9VfXJmI9,NEGATIVE,0.9960734844207764,1.0,119.19,3
DLeDXDwLJFE,"‚Äã @Orgatechin i do? ""Bruh""",0,,8 months ago,@dravenclem485,UgyKOY6163FUuLfAF254AaABAg.AHHobXgn515AIHFEIUALrq,NEGATIVE,0.9878749251365662,1.0,54.73,4
DLeDXDwLJFE,He was about to eat the roachüè¥‚Äç‚ò†Ô∏èüè¥‚Äç‚ò†Ô∏è,0,,8 months ago,@christopherhansenjr.3252,UgwlRLNOD5xlzOYwG7t4AaABAg.AHAig_sg7h_AHSvfPBurqf,NEGATIVE,0.5914663672447205,1.0,103.04,7
DLeDXDwLJFE,‚Äã @christopherhansenjr.3252 get off the iPad and play outside with Noah and Jacobü•Äüíî,0,,5 months ago,@Skelly549,UgwlRLNOD5xlzOYwG7t4AaABAg.AHAig_sg7h_ALyWVvYGJxS,NEGATIVE,0.8409771919250488,0.9231,67.76,12
DLeDXDwLJFE,Sybau kid your brain is getting rotted from this shitüíî,0,,5 months ago,@Skelly549,UgwlRLNOD5xlzOYwG7t4AaABAg.AHAig_sg7h_ALyWAvAzjOG,NEGATIVE,0.9997944235801697,1.0,95.17,10
DLeDXDwLJFE,Sybau,1,,8 months ago,@Hahahahaha-x7r,UgwavpataoBQ-7uPwAN4AaABAg.AH9pVBsyLf-AI7EiWCGZbh,POSITIVE,0.8507434129714966,1.0,121.22,1
DLeDXDwLJFE,Pollywolly your going to be in a dead internet theory video,1,,8 months ago,@REALSIXTHYT,UgwavpataoBQ-7uPwAN4AaABAg.AH9pVBsyLf-AIBzsRMir1C,NEGATIVE,0.9952895641326904,1.0,41.85,11
DLeDXDwLJFE,Probably i hope so‚Äã @REALSIXTHYT,1,,8 months ago,@Hahahahaha-x7r,UgwavpataoBQ-7uPwAN4AaABAg.AH9pVBsyLf-AIC-HWOqdLd,POSITIVE,0.975574254989624,1.0,32.56,5
DLeDXDwLJFE,‚Äã@Hahahahaha-x7r fr sybau,0,,7 months ago,@ErraticCarrot,Ugz8QLjqAPa8I1YlPMZ4AaABAg.AH8ozNSMpzOAJTz_SsbUP_,NEGATIVE,0.958247184753418,1.0,6.39,3
DLeDXDwLJFE,SYBAU LIL BRO,0,,8 months ago,@REALSIXTHYT,UgwmiQWEhJURlHKi-OB4AaABAg.AH4yv98eQrwAIC-270BQ71,POSITIVE,0.932373583316803,1.0,119.19,3
DLeDXDwLJFE,SYBAU,1,,8 months ago,@REALSIXTHYT,UgyA5D_dpF478GTWKUZ4AaABAg.AH4SgRbDp_AAIC-0Uy3xJP,POSITIVE,0.8507434129714966,1.0,121.22,1
DLeDXDwLJFE,That literally makes no sense,0,,8 months ago,@2Tiffany4u,UgzZrfInEoKpwTjgW4V4AaABAg.AH4El9rNs-TAHvxqWtMUlm,NEGATIVE,0.9997013211250305,1.0,66.4,5
sVxMlkTENl0,"GET OUTTA HERE, TEACHER! AHHH, SO CRINGE! üò±‚ú®",0,,5 days ago,@SupremeBeatzzzzzz,UgxQOXEXSwk5mVHj1rZ4AaABAg,NEGATIVE,0.9983440637588501,1.0,82.43,7
sVxMlkTENl0,Its not ai ITS AI !,0,,1 month ago,@sevdakahraman3910,Ugw3mB_V3PZ7rjYJPmZ4AaABAg,POSITIVE,0.9559080004692078,0.6667,117.16,5
sVxMlkTENl0,So relatable this is totally AI Tgggtrddtguygfhghffydyf,0,,1 month ago,@brookeontario,Ugx56bvF0ukEmTxgcFh4AaABAg,NEGATIVE,0.9983538389205933,1.0,30.53,7
sVxMlkTENl0,poop fart fart,0,,1 month ago,@Funtimes544,Ugyziht5NnAS1aCtmpd4AaABAg,NEGATIVE,0.9978367686271667,0.6667,119.19,3
sVxMlkTENl0,The rock again i shool bro don‚Äôt even know what 1+1= ?? In is 1+1=2,1,,2 months ago,@itsyagirl252,UgxXCVvMCexwkNaMdmh4AaABAg,NEGATIVE,0.9996001124382019,1.0,103.04,14
sVxMlkTENl0,The rock is cooking eggsüòÇ,0,,2 months ago,@albamedina5398,UgxggAF7QJSWqKuY_ip4AaABAg,POSITIVE,0.9922943115234375,1.0,100.24,5
sVxMlkTENl0,I can‚Äôt believe someone put an AI the rock cooking eggs in a classroomüòÇüòÇüòÇüòÇ,1,,2 months ago,@CelinaAnglemyer,Ugxf-knw2q82US_v8m14AaABAg,NEGATIVE,0.9979027509689331,1.0,83.85,14
sVxMlkTENl0,man wtf üòÇüòÇüòÇ,0,,2 months ago,@legendoflincai,UgxwpvuKr4H3NPUaCnt4AaABAg,NEGATIVE,0.912220299243927,1.0,120.21,2
sVxMlkTENl0,Lil bro eating popcorn with forküòÇüòÇüòÇ,2,2.0,3 months ago,@EnriqueJrBedolla-sj6bd,UgyH3zaA662lHyY46tl4AaABAg,POSITIVE,0.9796828627586365,1.0,87.95,6
sVxMlkTENl0,I don‚Äôt understand this.,0,,3 months ago,@BysnowVRGT,UgzQo3IcdFV9argf3np4AaABAg,NEGATIVE,0.9995607733726501,1.0,75.88,4
sVxMlkTENl0,Ts deadü•Äüíî,0,,4 months ago,@KarterGg-m7f,UgyNzVtrTsB3fcauqml4AaABAg,NEGATIVE,0.8455683588981628,1.0,77.91,2
sVxMlkTENl0,"Yeah bro i,m saying why is he eating with a fork and popcornüòÇüòÇüòÇüòÇüòÇüòÇüòÇüòÇüòÇüòÇüòÇüòÇüòÇüòÇüòÇüòÇüòÇlike omg üòÇüòÇüòÇüòÖüòÇ",0,,4 months ago,@ChristopherThomas-l1p,UgxbHe55fSQ2YKK4oKN4AaABAg,NEGATIVE,0.9852020144462585,1.0,83.85,14
sVxMlkTENl0,I was eating ships like that in class today by the way I am in front of will my girlfriend in forth grade,0,,4 months ago,@JanavieaHouston-u1u,Ugx_nJgJphFO5obmFM54AaABAg,POSITIVE,0.99861741065979,0.8696,87.86,23
sVxMlkTENl0,bro look like steve-,0,1.0,4 months ago,@voyettelee3849,UgyTfe5gUWRyG5ahRSh4AaABAg,POSITIVE,0.99250328540802,1.0,118.18,4
sVxMlkTENl0,T√∫ qui√©n eres soy WTF,0,,1 month ago,@DionisiaTolentino-p1p,UgyH3zaA662lHyY46tl4AaABAg.AOGdIc4YQyxAQsZTskoUCC,POSITIVE,0.5956737399101257,1.0,117.16,5
sVxMlkTENl0,@DionisiaTolentino-p1p why did you ask datüíîü•Ä,1,,2 weeks ago,@ItzGALACY,UgyH3zaA662lHyY46tl4AaABAg.AOGdIc4YQyxAReOmKbovOc,NEGATIVE,0.9946787357330322,1.0,59.75,6
sVxMlkTENl0,nah he looks like ghandi,0,,1 month ago,@Funtimes544,UgyTfe5gUWRyG5ahRSh4AaABAg.AMYr77BYZc0APstz9x-NHP,NEGATIVE,0.9926544427871704,1.0,100.24,5
sVxMlkTENl0,They ain‚Äôt a cooker underneath that pan,1,1.0,4 months ago,@SatisfyingvideosSatisfying-m6n,UgwNlEDSkDsfYHfgw4Z4AaABAg,NEGATIVE,0.9891013503074646,1.0,78.87,7
sVxMlkTENl0,Why is the heck is grown men in class did they not pass 3th grade??,0,,5 months ago,@Thetrueglisten,UgwPPnDYQoyMqIa56Ud4AaABAg,NEGATIVE,0.9992904663085938,0.9333,107.01,15
sVxMlkTENl0,Dwayne Rock Johnson got he's back,0,,5 months ago,@BigbroiYT,UgwkasVUwDyUWrxzqCF4AaABAg,NEGATIVE,0.6810511350631714,1.0,102.05,6
sVxMlkTENl0,Hiüéâüéâ,0,,5 months ago,@PamelaNamondwe,UgyTqCZhHHI120blZZd4AaABAg,NEGATIVE,0.6970565915107727,1.0,121.22,1
sVxMlkTENl0,So true,1,,5 months ago,@RMINKYTEXANSFAN,UgwFuO-0fSLjwWnMEZx4AaABAg,POSITIVE,0.9998667240142822,1.0,120.21,2
sVxMlkTENl0,"please unsubscribe this guy, he does so videos daily and if you didn‚Äôt know ai is killing our planet btw. A single video like this generates the co2 emissions of 2 kilometers driven by a car",2,1.0,5 months ago,@Mad_Corgiz,Ugyc1oqrZaNbxJYZPIh4AaABAg,NEGATIVE,0.9966468214988708,0.9444,56.97,36
sVxMlkTENl0,Can someone explain me why is arnold eating popcorn with a fork?? No one dose that!,1,1.0,5 months ago,@AcceleratorGMD,Ugxuzg2hbE9kSMFAYLB4AaABAg,NEGATIVE,0.9993763566017151,1.0,87.68,16
sVxMlkTENl0,Is that popcorn,0,1.0,5 months ago,@Amazing_records,UgyNo9TAqLkzvBGUH8l4AaABAg,POSITIVE,0.9997236132621765,1.0,90.99,3
sVxMlkTENl0,How do you make these? Veo3 ai?,0,1.0,6 months ago,@abdoulageil3683,Ugxl9Beo0OiKyNyAvzp4AaABAg,NEGATIVE,0.9989929795265198,1.0,115.13,7
sVxMlkTENl0,UR AI,0,,6 months ago,@FotoAwesome,UgyjNrhiNHPXYiICxkB4AaABAg,NEGATIVE,0.996126115322113,1.0,120.21,2
sVxMlkTENl0,How did rock summon a fork?,0,,6 months ago,@JonathanIjjangiq,UgwOnYTNhFp3qpHu6UZ4AaABAg,NEGATIVE,0.9971016049385071,1.0,102.05,6
sVxMlkTENl0,üíØ 100,0,,6 months ago,@aquilinaCaday-t9g,Ugx1IW45QtKY2QRWICF4AaABAg,POSITIVE,0.9751273393630981,1.0,121.22,1
sVxMlkTENl0,Tooüòä,1,,3 months ago,@lindajoseph4026,UgwNlEDSkDsfYHfgw4Z4AaABAg.AMWDBsdIApAANfH5kSE91Z,NEGATIVE,0.6970565915107727,1.0,121.22,1
sVxMlkTENl0,"Ikr I don't know why people like this guy. All he does is say smth, then it generates, and he posts it while they are ppl who edit theirs and gets nothing",0,,5 months ago,@JadenMahama,Ugyc1oqrZaNbxJYZPIh4AaABAg.AL_qGIDha-tALjdjsz6QsV,NEGATIVE,0.9989645481109619,0.9062,92.78,32
sVxMlkTENl0,I've never even thought about it before üòÇ,0,,5 months ago,@ToyinLadepo,Ugxuzg2hbE9kSMFAYLB4AaABAg.ALPkreV1k7fALT76419-gv,POSITIVE,0.997714638710022,1.0,66.79,7
sVxMlkTENl0,nah its poop sock 9000,0,,1 month ago,@Funtimes544,UgyNo9TAqLkzvBGUH8l4AaABAg.AL7nkb4wzbmAPsu-MobuFf,NEGATIVE,0.996536374092102,1.0,117.16,5
sVxMlkTENl0,I think yes. Veo 3 is crazy!,0,,5 months ago,@aimade8,Ugxl9Beo0OiKyNyAvzp4AaABAg.AKptwSkyH7yALX2ExHOcEa,POSITIVE,0.9987847208976746,1.0,106.6,7
sVxMlkTENl0,La roca es gay,0,,6 months ago,@pou2015,Ugw63l8FTyETSDRjsVZ4AaABAg,NEGATIVE,0.9706390500068665,1.0,97.03,4
sVxMlkTENl0,L teacher,1,,6 months ago,@jaiKirkland9123,Ugy_iuT455iFOu8UqX94AaABAg,POSITIVE,0.9736689925193787,1.0,77.91,2
sVxMlkTENl0,Mr. Johnson caught them,0,,6 months ago,@tonygorgijeski5805,UgwHor0Nbp00u7o1f7h4AaABAg,POSITIVE,0.9990901947021484,1.0,75.88,4
sVxMlkTENl0,https://youtube.com/shorts/JQaNd0UxvJo?si=ztGTGYKXdwQZVa6E,0,,7 months ago,@TheAIshortcircuit,UgzLjxEgkMJ4R3DnHkZ4AaABAg,NEGATIVE,0.9816858768463135,1.0,-640.18,1
sVxMlkTENl0,So Chris Rock is crying while Arnold is eating cereal also Will Smith yelling at Chris Rock and Dywane Johnson making eggs is crazy,9,,7 months ago (edited),@PinkRabbitGuy,UgzR0rmnnl_EjFh48UZ4AaABAg,NEGATIVE,0.9949880838394165,0.8333,59.1,24
sVxMlkTENl0,That‚Äôs fr tho üòÇ,1,,8 months ago,@BradleyRealtyGroup,UgzKKQMgHvox0H-8kPV4AaABAg,NEGATIVE,0.9886325001716614,1.0,119.19,3
sVxMlkTENl0,Who eats popcorn with a fork!!!???,2,1.0,8 months ago,@fluffyrosesforever,Ugx2RAL0MegHG8OCqgh4AaABAg,NEGATIVE,0.9825603365898132,1.0,102.05,6
sVxMlkTENl0,THE TEACHER IS WILL SMITH-üñê,23,3.0,9 months ago,@SuperMarioKevin21,Ugzz9-_tB6jTxN7QDUd4AaABAg,POSITIVE,0.9906185269355774,1.0,100.24,5
sVxMlkTENl0,Determinator,1,,9 months ago,@velmadanley-king7146,UgzeHoBtyfPrUjOZFoh4AaABAg,NEGATIVE,0.9835652709007263,1.0,-217.18,1
sVxMlkTENl0,Love these videos üòÇ,0,,9 months ago,@StayFitwithAli,UgzaWq1lH1_MR3hxICJ4AaABAg,POSITIVE,0.999830961227417,1.0,62.79,3
sVxMlkTENl0,You fell off gngü•Äü•Ä,0,,9 months ago,@xssumi,UgzbuK6Fr1ViFFjUpQ54AaABAg,NEGATIVE,0.9982808828353882,1.0,118.18,4
sVxMlkTENl0,The fact that this is aiüò¢üòÇ,0,,9 months ago,@KLM_AerospeedDrivers,UgxovE_dlad2j-g3uzl4AaABAg,NEGATIVE,0.778040885925293,1.0,116.15,6
sVxMlkTENl0,Damn bro fell off really hard,3,1.0,9 months ago (edited),@d1rekkt,UgwxhgwaczdPnJ3h0OR4AaABAg,NEGATIVE,0.9994359612464905,1.0,102.05,6
sVxMlkTENl0,Dead internet thoury,3,1.0,9 months ago,@greesyyy1,UgxJTvwky75L1SW78W94AaABAg,NEGATIVE,0.9981368780136108,1.0,62.79,3
sVxMlkTENl0,Third commentüéâ,0,1.0,9 months ago,@raindumsofficial,UgyY5ijQrAXmh1hxKmt4AaABAg,NEGATIVE,0.8566101789474487,1.0,77.91,2
sVxMlkTENl0,That‚Äôs enough YouTube for today,22,5.0,9 months ago,@XCreeperX-69,UgwaUvZeUwVLWO9A6Up4AaABAg,POSITIVE,0.9875374436378479,1.0,83.32,5
sVxMlkTENl0,Yay‚ù§,2,1.0,9 months ago,@pollywolly3903,UgwXDr80HIcKXEhgdyl4AaABAg,NEGATIVE,0.6970565915107727,1.0,121.22,1
sVxMlkTENl0,It's supposed to be cereal,1,,7 months ago,@toca-blossoms,Ugx2RAL0MegHG8OCqgh4AaABAg.AHcfCHIXnEmAJKapht8lYm,NEGATIVE,0.9985733032226562,1.0,66.4,5
sVxMlkTENl0,Mixed with chris rock,3,,7 months ago,@Zion122,Ugzz9-_tB6jTxN7QDUd4AaABAg.AH9eogYr4l4AIwLIMCRkBL,NEGATIVE,0.6823424696922302,1.0,118.18,4
sVxMlkTENl0,sir dooks alot,0,,1 month ago,@Funtimes544,Ugzz9-_tB6jTxN7QDUd4AaABAg.AH9eogYr4l4APstvfolP_i,POSITIVE,0.8278442621231079,1.0,90.99,3
sVxMlkTENl0,"And when he was the teacher, if you see that guy crying, that‚Äôs actually his real brotherüòÆ",0,,6 days ago,@keriatl,Ugzz9-_tB6jTxN7QDUd4AaABAg.AH9eogYr4l4ARyzNDtnSFV,NEGATIVE,0.963995099067688,1.0,75.12,17
sVxMlkTENl0,Yeah üòÇ,1,,9 months ago,@ReallyNotAi,UgwxhgwaczdPnJ3h0OR4AaABAg.AGkHIjGe9IVAGke8iof1dJ,POSITIVE,0.9970288872718811,1.0,121.22,1
sVxMlkTENl0,"""Dead internet thoury""ü•Äü•Ä",3,,9 months ago,@Songkran787,UgxJTvwky75L1SW78W94AaABAg.AGfqxrkh7qWAGhL4H-DyDx,NEGATIVE,0.9981929659843445,1.0,62.79,3
sVxMlkTENl0,What ai,0,,9 months ago,@ArdihakimNawing-i8s,UgyY5ijQrAXmh1hxKmt4AaABAg.AGdzu5FNOJFAGib3E6Chin,NEGATIVE,0.9963468909263611,1.0,120.21,2
sVxMlkTENl0,Why do we have ai brainrot videos before gta sixü§£also i gave you one of this kind of coment beacause i like to make pepole happy,4,,9 months ago,@DEMONromance,UgwaUvZeUwVLWO9A6Up4AaABAg.AGdKtAnHpwaAH0cLE9_sSp,POSITIVE,0.9987030029296875,0.9231,63.31,26
sVxMlkTENl0,@DEMONromance I dont even think you've played one game of gta üíÄ,2,,7 months ago,@MiniMeiro,UgwaUvZeUwVLWO9A6Up4AaABAg.AGdKtAnHpwaAIaHteIH6Us,NEGATIVE,0.9952245950698853,1.0,80.31,11
sVxMlkTENl0,Nope,1,,5 months ago,@RMINKYTEXANSFAN,UgwaUvZeUwVLWO9A6Up4AaABAg.AGdKtAnHpwaALh-mIqU1J2,NEGATIVE,0.9927230477333069,1.0,121.22,1
sVxMlkTENl0,üíÄno idiot it is ai,0,,9 months ago,@DEMONromance,UgwXDr80HIcKXEhgdyl4AaABAg.AGcxMQQA2rKAH0cPe2knGn,NEGATIVE,0.9998155236244202,1.0,83.32,5
TEwsUxvGl8M,final boss of brainrotü•Äü•Äü•Ä,0,,3 days ago,@nasarisahak4804,Ugyr-8nCXDtVYj8UDOx4AaABAg,POSITIVE,0.97855144739151,1.0,75.88,4
TEwsUxvGl8M,we are dead ass,0,,5 days ago,@voleakou9460,UgxgGTAGs4Kl_BmICLJ4AaABAg,NEGATIVE,0.9993601441383362,1.0,118.18,4
TEwsUxvGl8M,‚òê like ‚òê fun video ‚òë too scared to speak on how uninteresting this was ‚òë my interest packed its bags and left üß≥üö∂‚Äç‚ôÄÔ∏è ‚òë create this with #FacemojiAI,0,,5 days ago,@SupremeBeatzzzzzz,UgzQdQxZhETKISf9LXF4AaABAg,NEGATIVE,0.9990019202232361,0.8621,62.11,23
TEwsUxvGl8M,Wah,0,,6 days ago,@JemJemLewis-d9l,Ugy0Pgne2kLspnpnQVZ4AaABAg,POSITIVE,0.7048040628433228,1.0,121.22,1
TEwsUxvGl8M,Is to weriüíîüíîüíî,0,,8 days ago,@cherrrypieee1234,UgzEofjf2oNyOEO64Wt4AaABAg,POSITIVE,0.624526858329773,1.0,119.19,3
TEwsUxvGl8M,I wanna kill that mf,0,,10 days ago,@makeasmile-x3d,UgyS7heZRLAx30SWZEx4AaABAg,NEGATIVE,0.9944557547569275,1.0,100.24,5
TEwsUxvGl8M,I'm not Unstoppable what did you say again,3,,2 weeks ago,@Moorecatia,UgwkI03AIEMgJpA2xmZ4AaABAg,NEGATIVE,0.9982655644416809,1.0,71.82,8
TEwsUxvGl8M,Is Ai.,0,,2 weeks ago,@ŸÖÿ≠ŸÖÿØ-ÿ∞8ÿπ6ÿØ,Ugx_Xhs7T1zLI_4R0gF4AaABAg,NEGATIVE,0.9997139573097229,1.0,120.21,2
TEwsUxvGl8M,Dead internet theory isnt a theoryü•Ä,0,,3 weeks ago,@robloxkiddosaretheworst,UgxuWUCR9AKaTjoo57p4AaABAg,NEGATIVE,0.9943999648094177,1.0,45.65,6
TEwsUxvGl8M,üòÇüòÇüòÇüòÇüòÇüòÇüòÇ so funny,0,,3 weeks ago,@lisarangel5269,UgwGHu8ZFpbjJE4dbRt4AaABAg,POSITIVE,0.9997676014900208,1.0,77.91,2
TEwsUxvGl8M,Bro it's not bad its og,1,,1 month ago,@Traci-w3i,UgxVwbL0Gt6O45X1LRZ4AaABAg,POSITIVE,0.9985246062278748,1.0,116.15,6
TEwsUxvGl8M,YOOOOOOOOOOO!!!! HE TURNED INTO IRON ANT!!!!!!!!,0,,1 month ago,@tonygorgijeski5805,UgxwtBPerR6zAgIh6w14AaABAg,NEGATIVE,0.9603981375694275,1.0,87.95,6
TEwsUxvGl8M,You si stoped we all know it AI üò≠‚ò†Ô∏è,0,,1 month ago,@ThafathBoubekeur,Ugy6zb5jMVvmW6NrwvN4AaABAg,NEGATIVE,0.983157217502594,1.0,114.12,8
TEwsUxvGl8M,üò¢v be oüéâüéâüéâüéâüéâüéâüéâüéâüòÆüòÆüòÆunb iki o ir iiiiiu,0,,1 month ago,@arnoldasbutkus7984,UgwmLLQwI8fs5Kp9gq54AaABAg,NEGATIVE,0.9607705473899841,1.0,78.87,7
TEwsUxvGl8M,üòÇL,0,,1 month ago,@DeliweNhlabathi,UgzNfDhGvS_kpCYPVvR4AaABAg,NEGATIVE,0.6970565915107727,1.0,121.22,1
TEwsUxvGl8M,Lah cocahrocha,0,,1 month ago,@niatoth-e6x,Ugz2sX_AKwF3TnPbYRZ4AaABAg,NEGATIVE,0.9858815670013428,1.0,77.91,2
TEwsUxvGl8M,What the üòÇ,0,,2 months ago,@MarkThomas-u4b,UgxtYKpWrW1pD_atdg54AaABAg,NEGATIVE,0.8620933294296265,1.0,120.21,2
TEwsUxvGl8M,Amazingüéâüéâ‚ù§üòÇ,0,,2 months ago,@ZynelleMwangi,Ugyf--ler84FNuWGCu94AaABAg,NEGATIVE,0.6970565915107727,1.0,-47.98,1
TEwsUxvGl8M,What the F,0,,2 months ago,@shielaventura6165,UgwhgL9LM0bQoHUGyod4AaABAg,NEGATIVE,0.8931543827056885,1.0,119.19,3
TEwsUxvGl8M,Iron Man roach ü™≥ got me üòÇ,1,,2 months ago,@OneplusNord305g,UgyHAI9fq75Nir3_2u54AaABAg,NEGATIVE,0.9779323935508728,1.0,100.24,5
TEwsUxvGl8M,This is the funniest thing I seen,0,,2 months ago,@NolanJackson-iv7qb,Ugxyyl2tawPQLZ2DL9J4AaABAg,POSITIVE,0.999852180480957,1.0,90.96,7
TEwsUxvGl8M,These #ai s are going crazy especially @soraai,0,,2 months ago,@Maida3535,UgxM3aoQvI6Kzo0CayV4AaABAg,NEGATIVE,0.718305766582489,1.0,61.24,8
TEwsUxvGl8M,BroüíÄ,0,,3 months ago,@3mojicat_h3at,UgzWK64AU4AUcFmzwiB4AaABAg,NEGATIVE,0.6970565915107727,1.0,121.22,1
TEwsUxvGl8M,üòÇüòÇNoiice,0,,3 months ago,@JogoJohn-ti4ev,Ugyepphgh7l33ELUqi14AaABAg,NEGATIVE,0.6970565915107727,1.0,36.62,1
TEwsUxvGl8M,"Iron Man roads, but he got stepped on",0,,3 months ago,@Montrell-m1s,UgyZX5EVML_MYEUFOil4AaABAg,NEGATIVE,0.720255970954895,1.0,103.54,8
TEwsUxvGl8M,Wow a bug is lron man üòÇüòÇüòÇüòÇüòÇüòÇ,0,,3 months ago,@albamedina5398,UgwCaSh-1pTeZyXzoJ94AaABAg,NEGATIVE,0.5559219121932983,1.0,116.15,6
TEwsUxvGl8M,üò¢wth is that,0,,3 months ago,@Montrell-m1s,UgwyNPkWidU34hqs-DF4AaABAg,POSITIVE,0.7438260912895203,1.0,119.19,3
TEwsUxvGl8M,Yhw fu-,0,,3 months ago,@zoeyhillman1671,UgzcGR10S8zUt7VsqlV4AaABAg,NEGATIVE,0.9873522520065308,1.0,120.21,2
TEwsUxvGl8M,even the the rock is scared,0,,3 months ago,@Deb-rocks,UgwoMjI2mu_8oGb_qEl4AaABAg,NEGATIVE,0.98667973279953,0.8333,102.05,6
TEwsUxvGl8M,"18(71:?&2:?8/?.&/?,2@,!2@.(-&.?/9,)38,&,)2@?2&.?29)/8,)/8,?28(38.(28:(27(2üòÖüòÇüòÆ3‚ù§üòÖüòÇüòÖüòÇüòÖüò¢üòÆüéâüòÖüò¢üòÖüò¢üòÇüòÖ&?72üéâ3& covküòÇüò¢üéâüòÆlcüòÆüéâclüéâüòÆüéâüòÆoüéâlüéâüòÆüéâciüòÆüéâüòÆkcelcudüò¢rzlvdzldvzlfvzlcetlecküò¢rcüòÆküòÇüéâküéâüòÆüéâuüéâcüòÆfüòÆüéâlevzlfvzlüòÆüéâlüéâ",0,,2 months ago,@Aidenlali13,Ugw3AFXUPa0EfJNlUiR4AaABAg.AOwl18LU4z9APJT5Ysuq_4,NEGATIVE,0.9945525527000427,1.0,-641.19,2
TEwsUxvGl8M,Roach : üëé Ironroach:üëç,0,,3 months ago,@Taniatwngen48e9r,UgyGGbWfLr9KTUXvl9x4AaABAg,NEGATIVE,0.9974599480628967,1.0,77.91,2
TEwsUxvGl8M,FCA is,0,,4 months ago,@xolilevezokuhle2100,UgyrhW5NIj0kiXMQgph4AaABAg,POSITIVE,0.952590823173523,1.0,120.21,2
TEwsUxvGl8M,Nice proof that roaches are immortal,0,,4 months ago,@DVD_OF_RECORD,UgynGhBBVIuqovE_pTZ4AaABAg,POSITIVE,0.99937903881073,1.0,73.85,6
TEwsUxvGl8M,üòÇüòÇüòÇüòÇüòÇüòÇüòÇwired üòÇüòÇüòÇüòÇüòÇüòÇüòÇüòÇüòÇüòÇüòÇ,0,,4 months ago,@Jessica-l5g8r,Ugze8x_gjc097FPYNCJ4AaABAg,NEGATIVE,0.7850591540336609,1.0,36.62,1
TEwsUxvGl8M,is nobody gonna talk about the roach dance-,1,,4 months ago,@voyettelee3849,UgzamgdW0XueN8KAlJ94AaABAg,NEGATIVE,0.9836047291755676,1.0,71.82,8
TEwsUxvGl8M,Whaaaaaaaaaaaaaaaaaaaaaaaaaaaaaaaaaaaaaaaaaat,0,,4 months ago,@dumidu229,UgzAj4wsGvq9UFIKnil4AaABAg,NEGATIVE,0.9950084686279297,1.0,121.22,1
TEwsUxvGl8M,Bro‚Äôs Demons came out,0,,4 months ago,@SatisfyingvideosSatisfying-m6n,Ugw-0SzGw0h66ka5Ab94AaABAg,NEGATIVE,0.585675060749054,1.0,97.03,4
TEwsUxvGl8M,"Dang, that was so great. Did not stop AI.",11,1.0,4 months ago,@lifeasswift,UgzbO-8rhJ5wGDFpssh4AaABAg,POSITIVE,0.9988346695899963,1.0,117.67,9
TEwsUxvGl8M,@jesiesvibes,0,,5 months ago,@jesiesvibes,Ugw1bLnGQVq4gmyLBLB4AaABAg,POSITIVE,0.7194041609764099,1.0,36.62,1
TEwsUxvGl8M,AaaaaaaaüòÇ,0,,5 months ago,@TimothyBustamante-b3n3m,UgwTEINYdehu4HWKV0N4AaABAg,NEGATIVE,0.6970565915107727,1.0,121.22,1
TEwsUxvGl8M,This is just wierd,0,,5 months ago,@ChengFabian,Ugx3toS1l30juVeIjbN4AaABAg,NEGATIVE,0.9943435192108154,1.0,118.18,4
TEwsUxvGl8M,Wow cockroach iron Man üòÇ,0,,5 months ago,@rashedanupom8772,Ugw55zUkW0Y1gQ3E83x4AaABAg,POSITIVE,0.9988186955451965,1.0,75.88,4
TEwsUxvGl8M,dookie,0,,1 month ago,@Funtimes544,UgzbO-8rhJ5wGDFpssh4AaABAg.AMLfNWi8eRQAPsuBEM1-xZ,NEGATIVE,0.9471298456192017,1.0,36.62,1
TEwsUxvGl8M,What the f***,0,,5 months ago,@Puig-y1q,UgyCpXNmslEHB8bWN494AaABAg,NEGATIVE,0.6032930612564087,1.0,119.19,3
TEwsUxvGl8M,I'm Unstoppable ‚ùå :- You're Step-able ‚≠ï,39,21.0,5 months ago,@BestOfBolly-g4d,Ugyde6Mxz9FesITB9hh4AaABAg,POSITIVE,0.9991810917854309,1.0,54.73,4
TEwsUxvGl8M,Really not ai hey buddy love your videos can i use it as a colab?,1,3.0,5 months ago,@SamNBAsandhu,UgyvX4vUcJzTBQsAwc14AaABAg,NEGATIVE,0.9989847540855408,1.0,78.81,15
TEwsUxvGl8M,Ohhhh heck nawwwwwwwwwww this is kinda weird,0,,5 months ago (edited),@Kaekae-x7u,UgyCXjNgI7mzPAI4ec54AaABAg,NEGATIVE,0.9973437190055847,1.0,90.96,7
TEwsUxvGl8M,Nice üôÇ,3,,5 months ago,@HeartfeltVoices-r7l,UgwAEF8SWko3lKxARu14AaABAg,POSITIVE,0.9998424053192139,1.0,121.22,1
TEwsUxvGl8M,Bro fell off ü•Äü•Ä,18,4.0,6 months ago,@SAHAR_MISTER_MONKEY,UgyOTfoJ7JQt0NALqnN4AaABAg,NEGATIVE,0.9994457364082336,1.0,119.19,3
TEwsUxvGl8M,pffffff,1,,6 months ago,@fottouh,Ugx1uatUQHUJww6T6nt4AaABAg,NEGATIVE,0.9833871722221375,1.0,121.22,1
TEwsUxvGl8M,Why the fuck did my dumbass think when it was yelling ‚ÄúI am unstoppable‚Äù while waving its arms in the air cute,0,,6 months ago,@Toofastbro,UgzcPbcnnO5I-b2HW1t4AaABAg,POSITIVE,0.988218367099762,0.9545,72.99,22
TEwsUxvGl8M,Roach? NAW IRON MAN? NAW IRON ROACH!!!!,3,1.0,6 months ago,@Brady_games_2,UgxJR7W7HJGz8ZhTfCt4AaABAg,NEGATIVE,0.9983069896697998,0.7143,94.51,7
TEwsUxvGl8M,bro the feet‚ò†Ô∏è,0,,6 months ago,@VanessaMiles-vp9kt,UgxygZ5sF4AJvZqLTZ94AaABAg,POSITIVE,0.992548406124115,1.0,119.19,3
TEwsUxvGl8M,Ai slop is officially taking over,0,,6 months ago,@Jaxen_kypolice5,UgyHEHRE8hT9brZrqUd4AaABAg,NEGATIVE,0.9991341233253479,1.0,45.65,6
TEwsUxvGl8M,This is gone too far,0,,6 months ago,@kinadafurry7353,UgygRulZVG7W49yv0S94AaABAg,NEGATIVE,0.9995779395103455,1.0,117.16,5
TEwsUxvGl8M,Iron man alert,0,,7 months ago,@twinklestarfun,Ugyjkeo2OMJEXnhX7vd4AaABAg,POSITIVE,0.9804002046585083,1.0,62.79,3
TEwsUxvGl8M,Love itüòÇüòÇüòÇüòÇüòÇüòÇ,1,,7 months ago,@shekolomyia8370,UgygbYVSciQAONnB9WV4AaABAg,POSITIVE,0.9997313618659973,1.0,120.21,2
TEwsUxvGl8M,Iron roach will be a crokroach hero,0,,7 months ago,@RoccoFrisina-x5u,Ugw3UjtFcXN7tNMq4BZ4AaABAg,POSITIVE,0.987890362739563,1.0,90.96,7
TEwsUxvGl8M,Bro naaah! Dat so cringe!!,0,,7 months ago,@IsaacWorkman-q2z,UgzG02hqUaZGX0btbTp4AaABAg,NEGATIVE,0.9991927742958069,1.0,117.16,5
TEwsUxvGl8M,Sybau kid get off the Ipadü•Ä,1,,5 months ago,@Skelly549,Ugyde6Mxz9FesITB9hh4AaABAg.ALMM2siBue8ALyWltVXlUS,NEGATIVE,0.9784592390060425,1.0,116.15,6
TEwsUxvGl8M,@Skelly549 bro why Don‚Äôt you sybau mind YOUR own business ü•Ä,1,,4 months ago,@Subboy365,Ugyde6Mxz9FesITB9hh4AaABAg.ALMM2siBue8AN3IF0FBfHD,NEGATIVE,0.9777154326438904,1.0,95.17,10
TEwsUxvGl8M,Your 2 years oldü•Ä,1,,5 months ago,@Skelly549,UgyvX4vUcJzTBQsAwc14AaABAg.ALL_6D3fReMALyWplPtJQS,POSITIVE,0.9373735189437866,1.0,118.18,4
TEwsUxvGl8M,ai is killing our planet btw,0,,5 months ago,@Mad_Corgiz,UgyvX4vUcJzTBQsAwc14AaABAg.ALL_6D3fReMAL_q7us86Rx,NEGATIVE,0.9996587038040161,1.0,73.85,6
TEwsUxvGl8M,How can you love his videos man?üò≠üôèü•Äü•Ä,0,,4 months ago,@baconman25,UgyvX4vUcJzTBQsAwc14AaABAg.ALL_6D3fReMANG0nTu0fkB,NEGATIVE,0.7322946190834045,1.0,90.96,7
TEwsUxvGl8M,"You also put ai in your pfp, sybau üíîü•Ä",2,,5 months ago (edited),@tptpbtbt,UgyOTfoJ7JQt0NALqnN4AaABAg.AKoFJ58kPb5ALcU76BgJt9,NEGATIVE,0.9933603405952454,1.0,103.54,8
TEwsUxvGl8M,@tptpbtbt jit that was 5 months ago yours was 4 months ago So Sybauüòîüôèü•Ä,0,,2 weeks ago,@ItzGALACY,UgyOTfoJ7JQt0NALqnN4AaABAg.AKoFJ58kPb5AReOaJQntNK,NEGATIVE,0.9915293455123901,0.7857,95.94,14
TEwsUxvGl8M,WTH,0,,1 month ago,@travisbruton8493,UgyOTfoJ7JQt0NALqnN4AaABAg.AKoFJ58kPb5AQ3ZTpRDnHF,POSITIVE,0.506096601486206,1.0,121.22,1
TEwsUxvGl8M,Not really the videos are good,0,,2 weeks ago,@SilasJhonson,UgyOTfoJ7JQt0NALqnN4AaABAg.AKoFJ58kPb5ARQQxL99tXr,NEGATIVE,0.9997561573982239,1.0,73.85,6
TEwsUxvGl8M,FRüòÇ,0,,7 months ago,@davidmorrison9879,Ugy5pbqEVFGI05_iU_B4AaABAg,NEGATIVE,0.6970565915107727,1.0,121.22,1
TEwsUxvGl8M,"""ay put may armo ron so I you strong I am I put my armor on I show that ay e√Ü√Ü√Ü√Ü√Ü ayem ansapabel-""",3,3.0,7 months ago,@CassieElizabethLata,UgzAcZuup-wqTdNGKAR4AaABAg,NEGATIVE,0.8893324732780457,0.8261,87.86,23
TEwsUxvGl8M,How to create content like this,0,,7 months ago,@DigitalHarsh12,UgymVHzDArRkmlfl7E94AaABAg,POSITIVE,0.9992927312850952,1.0,87.95,6
TEwsUxvGl8M,You now it ü§£ü§£ü§£ü§£ü§£ü§£üòÇü§£üòÇüòÇüòÇüòÇüòÇüòÇ,0,,7 months ago,@rosemariepercell1888,Ugxvkdo7uTumgW_8alR4AaABAg,POSITIVE,0.8527737855911255,1.0,119.19,3
TEwsUxvGl8M,"This should be a trailer for ""Iron Roach""",9,2.0,7 months ago,@PinkRabbitGuy,UgzxAKC_TW3n2SwGa1J4AaABAg,NEGATIVE,0.9995848536491394,1.0,92.97,8
TEwsUxvGl8M,Bros ironman,0,,8 months ago,@Weirdassmuhahah,UgwkAbaWGM3nnyNFi214AaABAg,POSITIVE,0.9993047714233398,1.0,77.91,2
TEwsUxvGl8M,So funny when the cockroach turned into iron manüòÇüòÇüòÇüòÇüòÇüòÇüòÇüòÇüíÄüíÄüíÄüíÄüò¢üò¢üò¢üò≠üò≠üò≠üòπüòπüòπüòπüí™üí™üí™üí™üëÇüëÇüëÇüëÇüòÇüòÇüòÇüòÇüòÇüòÇüòÇüòÇüòÇüòÇüòÇüòÇüòÇüòÇüòÇüòÇüòÇüòÇüòÇüòÇüòÇüòÇüòÇüòÇüòÇüòÇüòÇüòÇüòÇüòÇüòÇ,0,,8 months ago,@zubenathitshitshi1144,UgzFocrFl953hp2rmkJ4AaABAg,POSITIVE,0.993440568447113,1.0,75.5,9
TEwsUxvGl8M,This really is not a I,0,,8 months ago,@PamelaFiczeri,Ugw5O_YrMfZnGxTS35d4AaABAg,NEGATIVE,0.9994422793388367,1.0,102.05,6
TEwsUxvGl8M,Well not so onstopebel nowüòÇüòÇüòÇüòÇüòÇüòÇüòÇ,0,,8 months ago,@sunshine198709,Ugzo60IMHtb45NwpCzl4AaABAg,NEGATIVE,0.9452573657035828,1.0,100.24,5
TEwsUxvGl8M,üòÇüòÇüòÇ love itüéâ,2,,9 months ago,@StayFitwithAli,Ugy8AfAeizOmNSG-sbZ4AaABAg,POSITIVE,0.9991266131401062,1.0,120.21,2
TEwsUxvGl8M,Just cringe üòÇ,6,1.0,9 months ago,@Thernoxplayz,Ugzo-weWm922iOJ8mll4AaABAg,NEGATIVE,0.9996305704116821,1.0,120.21,2
TEwsUxvGl8M,The Channel Name is a lieüò≠,6,2.0,9 months ago,@AdrianCollaku-p9n,Ugwoj-pJbepNhpHNHHV4AaABAg,NEGATIVE,0.9788593053817749,1.0,102.05,6
TEwsUxvGl8M,"Heyy bro i contacted you on gmail but u said : hello,send me the link to your youtube channel, which i did but you never responded? ‚ù§ btw great vid",1,,9 months ago,@Aren_Kurd,UgwPeBBUNjzJV53YIwx4AaABAg,NEGATIVE,0.9777699112892151,0.9,86.88,28
TEwsUxvGl8M,Armor‚ùå Not Slipper Proof Armor‚òëÔ∏è,5,,9 months ago,@Omarbestshesh,UgyCm3ej8dcDIljMOQB4AaABAg,NEGATIVE,0.7672740817070007,1.0,66.4,5
TEwsUxvGl8M,üòÇüòÇüòÇüòÇüòÇüòÇüòÇ why did he rip the armor instead of stepping on it,2,,9 months ago,@DeleKurd,UgywBjYI6KQeKKA7oqJ4AaABAg,NEGATIVE,0.9847026467323303,1.0,88.0,11
TEwsUxvGl8M,nice look real cute üî•‚ú®Ô∏èü™≥,15,2.0,9 months ago,@skybluehorror,UgxH_NBP1iNFyt-tNdt4AaABAg,POSITIVE,0.9998749494552612,1.0,118.18,4
TEwsUxvGl8M,Second üòÆ,1,,9 months ago,@KaydenCromhout,UgyDODu2wYtr6xjbSSh4AaABAg,NEGATIVE,0.8208910822868347,1.0,36.62,1
TEwsUxvGl8M,First üéâüéâüéâ‚ù§‚ù§‚ù§,6,,9 months ago,@RayaanKhan-k8f,Ugy62K79AXif22tjJRp4AaABAg,POSITIVE,0.939269483089447,1.0,121.22,1
TEwsUxvGl8M,Stop making fun of the Indian accent.,0,,5 months ago,@SkateyofficalSKATE,UgzAcZuup-wqTdNGKAR4AaABAg.AJ1HupkbdcMALgZdXPc32N,NEGATIVE,0.9992764592170715,1.0,66.79,7
TEwsUxvGl8M,‚Äã @SkateyofficalSKATE sorry.,0,,4 months ago,@CassieElizabethLata,UgzAcZuup-wqTdNGKAR4AaABAg.AJ1HupkbdcMAMWgj9a8rnN,NEGATIVE,0.9997732043266296,1.0,-91.29,2
TEwsUxvGl8M,Also for you get off the iPad stop watching this brainrot,0,,5 months ago,@Skelly549,UgzAcZuup-wqTdNGKAR4AaABAg.AJ1HupkbdcMALyWjVdywJV,NEGATIVE,0.9932336211204529,1.0,88.0,11
TEwsUxvGl8M,sybau,2,,7 months ago,@niiccori,UgzxAKC_TW3n2SwGa1J4AaABAg.AIWxjhXooesAJcg3oTczyy,POSITIVE,0.8507434129714966,1.0,121.22,1
TEwsUxvGl8M,Sybauü•Ä,2,,6 months ago,@Brawl_Frank10,UgzxAKC_TW3n2SwGa1J4AaABAg.AIWxjhXooesAJviuLGI-my,NEGATIVE,0.6970565915107727,1.0,121.22,1
TEwsUxvGl8M,I was laughing,0,,6 months ago,@Toofastbro,Ugzo-weWm922iOJ8mll4AaABAg.AH5VYk6XC13AKVI-Mw1Qgh,POSITIVE,0.9980233907699585,1.0,90.99,3
TEwsUxvGl8M,True,1,,8 months ago,@hhhh-713h45,Ugwoj-pJbepNhpHNHHV4AaABAg.AH3OCRr3FdGAHVUpnMJXw-,POSITIVE,0.9998648166656494,1.0,121.22,1
TEwsUxvGl8M,Dead internet theory is kinda right,0,,8 months ago,@hhhh-713h45,Ugwoj-pJbepNhpHNHHV4AaABAg.AH3OCRr3FdGAHVUsyI62-P,POSITIVE,0.9995551705360413,1.0,59.75,6
TEwsUxvGl8M,"Bro, pretending to be nice",2,,6 months ago,@AshkaaaEDITZ,UgxH_NBP1iNFyt-tNdt4AaABAg.AGn_tWs56BxAKXk35-MGLf,NEGATIVE,0.791033923625946,1.0,83.32,5
